step,epoch,train_loss,val_loss,train_eo_loss,val_eo_loss,lr
2000,0,0.07925614228216,0.008206990005970001,0.07922449522412713,0.008205958401090986,0.0001680672268907563
4000,0,0.005985383138875477,0.004421113335341215,0.005984701714716395,0.004421314122695259,0.0003361344537815126
6000,0,0.0037636551971081643,0.00315586484849453,0.0037636515068269123,0.0031560224536679228,0.0005042016806722689
8000,0,0.00304435543960426,0.0032525569747015835,0.00304434688302257,0.0032527335946688895,0.0006722689075630252
10000,0,0.002828196028014645,0.0029364157655090094,0.0028281465089409134,0.0029367034674475916,0.0008403361344537816
12000,0,0.0027068189724232072,0.0025687341606616975,0.0027069994296324428,0.002568852044089069,0.0009999995173430552
14000,0,0.0025760381537256764,0.0024760750479623675,0.002576095828422486,0.0024761424591989733,0.0009997871633546256
16000,0,0.0024674091647029855,0.00241936092749238,0.0024675497888557744,0.0024194614680949572,0.0009991888729492125
18000,0,0.0023877648634370416,0.0023619436541199683,0.00238782923302304,0.002362050388498894,0.000998205108127588
20000,0,0.002319480033533182,0.002332349208034575,0.002319569778424229,0.0023324109771881295,0.0009968366285544618
22000,0,0.0022934545779717155,0.0022949092380702496,0.0022935309856208677,0.0022950223361444884,0.0009950844909718674
24000,0,0.0022516753631061873,0.002247520456407219,0.0022516590251207,0.0022476040164370434,0.000992950048383143
26000,0,0.0022087365820480046,0.00213542142406106,0.0022088830480449643,0.0021355369857162187,0.0009904349490081424
28000,0,0.002188413447263883,0.0021400540640577675,0.0021886060954065113,0.0021401740182259055,0.0009875411350104744
30000,0,0.0021406020627473482,0.0021756653965823354,0.0021406282685008625,0.002175838564445036,0.0009842708409977634
32000,0,0.002113780224084621,0.0021366716434061527,0.002113919454029988,0.0021368083185949673,0.000980626592296081
34000,0,0.002115041474404279,0.0021066099199466407,0.0021151483988956416,0.002106726193566499,0.0009766112029998845
36000,0,0.0020839052017836367,0.002162910776697099,0.0020840815299706956,0.002163045290001629,0.0009722277737989711
38000,0,0.002082534083165228,0.0021272616719081997,0.0020826941557692924,0.0021273913336280004,0.0009674796895841174
40000,0,0.002055043604748789,0.0020650485436432063,0.0020551933290304464,0.0020651616293169564,0.0009623706168332644
42000,0,0.0020601871942053547,0.0020375055513344705,0.0020605264592413516,0.002037644159750286,0.0009569045007802558
44000,0,0.002045047136809444,0.0020602318394742905,0.0020451175385485095,0.002060356317150082,0.0009510855623683231
46000,0,0.00201814249085146,0.002042233878336847,0.00201839434356169,0.002042385769610518,0.0009449182949906663
48000,0,0.0020334085632348433,0.0019811742526851593,0.002033751916363216,0.001981312591930083,0.0009384074610206494
50000,0,0.0019917422370635905,0.0020085644219256936,0.001991792446611225,0.002008685076134971,0.0009315580881342876
52000,0,0.002013727437821217,0.00203022862855345,0.0020138028497540404,0.0020303347173995143,0.0009243754654278684
54000,0,0.00198238399985712,0.002057429994922131,0.001982411334402744,0.002057564193833694,0.000916865139333704
56000,0,0.001980918143701274,0.00195584504539147,0.001981032283498523,0.0019559748302497184,0.0009090329093371665
58000,0,0.0019764663664682304,0.001937336580902338,0.001976597321419701,0.0019374890126628544,0.0009008848234983174
60000,0,0.001958977623289684,0.0019904553959704937,0.00195896305949404,0.0019905873859149157,0.0008924271737815856
62000,0,0.0019507739356195088,0.001993487805519253,0.0019508551437352139,0.001993668242503491,0.0008836664911971031
64000,1,0.0018604290824538717,0.001879103522170335,0.0018604743497118413,0.0018792548426404601,0.0006260504201680673
66000,1,0.0018909848695911932,0.0019422361030429602,0.0018910313929265197,0.0019423963802677508,0.0007941176470588236
68000,1,0.0019314481744659134,0.0019557166403904556,0.0019313581737059164,0.001955837802655041,0.0009621848739495798
70000,1,0.001966011203301605,0.001990244347602129,0.0019661555500716174,0.0019903846292647722,0.0009998840461323997
72000,1,0.001963634133571759,0.002050978013500571,0.00196372985593825,0.0020510803649370674,0.000999391854807648
74000,1,0.0019714367296546696,0.0019825873505696654,0.0019715254107006428,0.0019827423730087545,0.000998514032323781
76000,1,0.0019471700908907223,0.0019543713795021176,0.0019472403974250176,0.0019545393165628084,0.0009972512565366728
78000,1,0.0019555870401381983,0.001997552463784814,0.0019557654485520015,0.0019977279818296618,0.00099560450256373
80000,1,0.0019346208383794873,0.00201022854283452,0.001934690179133768,0.002010420809793386,0.0009935750420309055
82000,1,0.0019470844089228194,0.002074173264298588,0.0019471166362551085,0.0020743035566920046,0.0009911644420907476
84000,1,0.001954709442332387,0.0019547155045345427,0.0019548790631014066,0.001954859247938143,0.000988374564212241
86000,1,0.001937852558970917,0.001928909678105265,0.0019378352886965592,0.0019290693188778003,0.0009852075627433787
88000,1,0.0019346080308023374,0.001945628714375198,0.001934719500979166,0.001945792920338066,0.0009816658832475708
90000,1,0.0019301617226446979,0.0019457134553417564,0.001930334873863734,0.0019458217544956516,0.0009777522606151763
92000,1,0.0019272124166891445,0.0019426850809156895,0.0019273454990724355,0.001942895423404434,0.0009734697169516174
94000,1,0.0019098169588542078,0.0019843480562791228,0.0019098857446127764,0.0019845225576712337,0.0009688215592437039
96000,1,0.0019245819838833995,0.0019335515572316945,0.0019246656229292766,0.0019336767730684119,0.000963811376805974
98000,1,0.001903629006119445,0.0020591816359199584,0.0019038201592817719,0.0020593050600843455,0.0009584430385090194
100000,1,0.001909707711514784,0.0019584259611740706,0.0019098359030600086,0.001958557055785452,0.000952720689791938
102000,1,0.001895498395548202,0.001984473775010556,0.001895588776531168,0.0019845927577470494,0.0009466487494612186
104000,1,0.0019145104493654798,0.0018957411712408065,0.0019147489024419694,0.001895864804838808,0.0009402319062785328
106000,1,0.0019143587723956443,0.0019690754495188595,0.0019145396656604472,0.001969194019085753,0.0009334751153400651
108000,1,0.0018910962245427072,0.0019273005352169275,0.0018912691493463039,0.0019274065172404972,0.0009263835942501806
110000,1,0.0019125010738207493,0.001892826760429889,0.0019128507552290347,0.0018929464300847887,0.0009189628190923826
112000,1,0.0018887974261888303,0.0019097840103507041,0.001888948922681015,0.0019099298247820427,0.0009112185202006725
114000,1,0.0018954513992357534,0.0019159015628136694,0.0018954654389340606,0.0019160433108901035,0.000903156677734577
116000,1,0.0018928138718474657,0.0019195589956641198,0.0018928361494342453,0.0019197036181729079,0.0008947835170612599
118000,1,0.001877588828036096,0.001899115096051246,0.0018777161717613722,0.0018992732285874653,0.0008861055039482841
120000,1,0.0018760102387459484,0.0018669162728823722,0.0018761535960526339,0.0018670449776969648,0.0008771293395707357
122000,1,0.0018754970713343937,0.00194552066674456,0.001875517492126017,0.0019456773873148803,0.0008678619553365659
124000,1,0.001867481538822176,0.0018701409600302577,0.0018676171022418491,0.0018703040525781913,0.0008583105075341478
126000,2,0.0018988054245710373,0.0019117451937124134,0.0018988924127548983,0.0019118930655614799,0.000999951735074276
128000,2,0.0019012364404043182,0.0019390229931287467,0.0019013287368026552,0.001939151050325772,0.000999565671574757
130000,2,0.0019006183983001392,0.001964907219018787,0.0019005424445792617,0.001965025992924891,0.000998793842694548
132000,2,0.0018982703447400127,0.001931731772888452,0.0018984098846847076,0.001931877676546933,0.0009976368444410985
134000,2,0.0018918937169655691,0.001939170765131712,0.0018919552441248354,0.0019392608925983823,0.0009960955702502407
136000,2,0.0018860209419799504,0.0018988009440526366,0.001886206206310507,0.0018989523195845496,0.0009941712102962783
138000,2,0.0018893734771409073,0.0018840551432967186,0.0018895457033840273,0.0018841936749720192,0.0009918652505729296
140000,2,0.0018753455025726,0.001926907477322966,0.0018754916484531522,0.0019270548030333088,0.0009891794717458435
142000,2,0.0018866756210336462,0.001968760093078017,0.001886737937506771,0.0019689115617291847,0.0009861159477775653
144000,2,0.0018866926110349595,0.0019042144399322568,0.001886779015920292,0.0019043489069643792,0.0009826770443260194
146000,2,0.0018884302099759225,0.0019710343441553414,0.001888536164926527,0.0019711577386026424,0.0009788654169177455
148000,2,0.0018892852520511951,0.0019005163515359164,0.0018892716655155145,0.0019006409976679761,0.0009746840088972964
150000,2,0.001892482243856648,0.001928788359798491,0.0018926281920008876,0.0019289569963299692,0.0009701360491543828
152000,2,0.0018659867666719948,0.0019051572983711958,0.0018662068769056436,0.0019052941682956004,0.0009652250496305202
154000,2,0.0018850031608890277,0.0018881222498230636,0.0018851628155898141,0.0018882726654892604,0.0009599548026071014
156000,2,0.0018605247784289531,0.0019103197488747536,0.001860621520587068,0.001910431991685447,0.0009543293777769918
158000,2,0.0018658585379016585,0.0019224201026931404,0.001865903754864584,0.0019225774785195985,0.0009483531191019057
160000,2,0.0018644412412540986,0.001910674826875329,0.001864498757364153,0.0019108038562568367,0.0009420306414579925
162000,2,0.0018598958818765823,0.0019185733837820589,0.001860080626662151,0.0019186852351310336,0.0009353668270722226
164000,2,0.0018557979944744147,0.0018708428911678493,0.001855932996887146,0.0018709613827778693,0.0009283668217523241
166000,2,0.0018643834223912564,0.0018964185137487948,0.001864575737904323,0.0018965409234869078,0.0009210360309131816
168000,2,0.0018699023703229614,0.00190534448383376,0.001870085269568129,0.0019054854269158264,0.0009133801154027671
170000,2,0.001861261269863462,0.0018684578658081591,0.0018613978532608458,0.0018686065585006842,0.0009054049871308243
172000,2,0.0018590476142999251,0.00192663609739393,0.0018593207211396279,0.001926764411892672,0.0008971168045036831
174000,2,0.0018674185277486686,0.0018656913355737925,0.0018675832784018117,0.001865772567274333,0.0008885219676687278
176000,2,0.0018452101318107452,0.0019019780034571887,0.0018453234365744052,0.0019021207326662174,0.0008796271135721943
178000,2,0.0018598638130642939,0.0019066391176357864,0.001859960398659644,0.0019067646631037564,0.0008704391108341104
180000,2,0.001838663997972617,0.0019235290797241032,0.0018387059796281624,0.0019236366908267901,0.0008609650544443355
182000,2,0.0018424700372270308,0.0018797063656710087,0.0018425970746833442,0.001879805921466846,0.0008512122602837992
184000,2,0.001844495562632801,0.0018743295120447873,0.0018445356821292767,0.001874482294434364,0.0008411882594751675
186000,2,0.0018286672928661573,0.0018488454404845833,0.001828726319441324,0.0018489661326562602,0.0008309007925672968
188000,3,0.0018732706425944343,0.0018761767342314124,0.001873375530639848,0.0018763471382042072,0.0009979933697489365
190000,3,0.0018722249676648062,0.0018600884551554918,0.0018722760553470366,0.0018602482361758821,0.0009965576653524503
192000,3,0.001874909191566985,0.0018747310078702868,0.0018748695104233496,0.0018748614395668092,0.0009947385183623097
194000,3,0.0018790038585721049,0.0019244417783431708,0.0018792226941935122,0.0019246192084338021,0.0009925373335266214
196000,3,0.001864320655062329,0.0018743782952427865,0.0018643143536360427,0.0018745137073791964,0.0009899558106037038
198000,3,0.0018634318512922618,0.0018783829655498266,0.0018635223950842317,0.0018785133045795118,0.0009869959430495328
200000,3,0.0018607064464013093,0.0018878691645897925,0.0018608680805446208,0.0018880073453882956,0.0009836600164783904
202000,3,0.0018570061880454887,0.0018896220040135086,0.0018571802716407814,0.0018897618010264748,0.0009799506068979107
204000,3,0.0018571743837965187,0.001862394550461322,0.0018571903745486838,0.001862563078184537,0.0009758705787198822
206000,3,0.0018681815224699677,0.001860537599194795,0.0018683152721985844,0.001860680327251653,0.0009714230825483459
208000,3,0.0018526848390465602,0.0019442818191461265,0.0018527602982553674,0.0019444128079907684,0.000966611552746692
210000,3,0.0018672885057749227,0.0018404271442815662,0.00186735422326797,0.0018405806879041168,0.0009614397047856411
212000,3,0.00185823378447094,0.001866714707016945,0.0018582813621398013,0.0018668685696586365,0.000955911532374151
214000,3,0.0018493080833286513,0.0018604146151989698,0.0018495357273653826,0.0018605395779529232,0.0009500313043754687
216000,3,0.0018671349287615157,0.0019326014006137847,0.0018672492263577904,0.0019326998766914683,0.0009438035615107074
218000,3,0.0018278720251691993,0.0018772440063394606,0.0018279756327029151,0.0018773366972259747,0.0009372331128524954
220000,3,0.0018430724354402627,0.0018619153912179172,0.001843168876092986,0.0018620942081488212,0.0009303250321114018
222000,3,0.0018384483282570727,0.0018560575674846768,0.001838445426178822,0.0018562130818622078,0.0009230846537180103
224000,3,0.001839389743981883,0.0019001649065874518,0.0018396154695680582,0.0019003572787996321,0.000915517568703663
226000,3,0.0018337200977257453,0.0018314801926538349,0.001833826171378936,0.0018316040837034833,0.0009076296203830578
228000,3,0.0018321070203965065,0.0018201836876012385,0.0018322792169437098,0.0018203461843554615,0.0008994268998420318
230000,3,0.001850112625048496,0.001930226576961577,0.0018503560292711474,0.0019303853374435208,0.000890915741234015
232000,3,0.0018415686936641578,0.0018637358429469167,0.001841666580680411,0.0018638644186012396,0.0008821027168887878
234000,3,0.0018224709260102826,0.001885876607131213,0.0018227231159732011,0.0018860250444614373,0.0008729946322373175
236000,3,0.0018510182516183705,0.00182960514459759,0.0018512235582914375,0.001829770763954962,0.0008635985205565944
238000,3,0.0018112701323989313,0.0018777636089920998,0.0018113430005683776,0.0018779221671279007,0.0008539216375385239
240000,3,0.0018464449125458486,0.0018123685041628779,0.001846495448871475,0.001812473951437516,0.0008439714556870703
242000,3,0.001806642007402843,0.0018178248475678265,0.0018067009418303319,0.0018179632692291153,0.0008337556585479786
244000,3,0.0018104134775348939,0.001884934363681823,0.0018105113946020124,0.0018850605216468217,0.0008232821347755264
246000,3,0.0018212978903320617,0.0018268623249046506,0.001821423732490718,0.0018270081166071196,0.0008125589720408957
248000,3,0.001808227101515513,0.0018314994423650206,0.0018082948672554825,0.0018316565447282298,0.0008015944507868587
250000,3,0.0018061709918547422,0.0018209520757198334,0.0018062226443373182,0.0018211031066797108,0.0007903970378336081
252000,4,0.001851976509205997,0.0018791373492591083,0.0018520150171321395,0.0018792645458187676,0.0009907035354466888
254000,4,0.0018588442918553482,0.001930600548516959,0.0018588480104490969,0.0019307639783397133,0.0009878474971664881
256000,4,0.0018589516816427932,0.0018861408438161015,0.0018590026447976836,0.0018862903099074783,0.0009846147422979156
258000,4,0.0018588921664340887,0.001898695735502988,0.0018589917854623299,0.001898883741210227,0.0009810077671792584
260000,4,0.0018450172611919698,0.0018502066836506128,0.0018450622956092658,0.0018503373230074156,0.0009770293571222555
262000,4,0.0018476828272105195,0.001838142475169152,0.0018478437119795212,0.001838318412309108,0.0009726825842612784
264000,4,0.001831146923592314,0.0018760569503344596,0.001831272778497898,0.0018761762730058393,0.0009679708051810221
266000,4,0.001847489505627891,0.0018524712323769927,0.0018476322405936052,0.0018526447481854635,0.0009628976583245463
268000,4,0.0018459107876988127,0.0019349238708615303,0.001845958805053145,0.0019350464568988303,0.000957467061183664
270000,4,0.0018311067168251612,0.001846173220667988,0.001831254635608876,0.0018462675040361869,0.000951683207273848
272000,4,0.0018436107366578654,0.001876750567983836,0.0018436758564266136,0.0018769384408884153,0.0009455505628959917
274000,4,0.0018377567642310169,0.0018833239300362766,0.001837750380295435,0.0018834363902735132,0.0009390738636875254
276000,4,0.0018426106074184644,0.0018884361830540002,0.001842788084104643,0.0018885440052031183,0.0009322581109655488
278000,4,0.0018435242904233746,0.0018538415136933326,0.0018437294120036952,0.0018539659390896402,0.000925108567864807
280000,4,0.0018249502223043237,0.0018665358020924032,0.0018249777828766864,0.0018667423798539172,0.0009176307552734895
282000,4,0.001812720496993279,0.0018482882797159253,0.001812807905031518,0.0018484042924964226,0.0009098304475699915
284000,4,0.0018307489653525408,0.0018216809592582286,0.001830826712369268,0.001821814725167528,0.0009017136681639306
286000,4,0.0018089643884741235,0.0018996813260763884,0.0018091616137639473,0.0018997883693630873,0.0008932866848448602
288000,4,0.00182515343875275,0.0018653597921319306,0.0018252974179413508,0.001865480698815235,0.0008845560049422729
290000,4,0.0018136323905200698,0.001841825426220894,0.0018137267339455422,0.0018419505881013293,0.000875528370300631
292000,4,0.0018183311808097641,0.0018219242079928518,0.0018185859050181916,0.0018220683667395218,0.0008662107520733027
294000,4,0.0018232083425100427,0.0018222290433757007,0.0018232459324104115,0.0018223963779544264,0.0008566103453394282
296000,4,0.0018041062745032832,0.0018325389790348708,0.0018043926696239387,0.001832661629814064,0.0008467345635478676
298000,4,0.0018340542074874976,0.0018634136927686631,0.0018343519946988466,0.0018635342668668422,0.0008365910327925246
300000,4,0.001793137292843312,0.0018393859969265758,0.0017931990808836276,0.0018395341961570213,0.0008261875859234644
302000,4,0.0018193342055892571,0.0018079244130663574,0.0018194210817777479,0.0018080403134974287,0.0008155322564983762
304000,4,0.0018025281379232183,0.0018251352643035353,0.0018025645830515291,0.001825272556354076,0.0008046332725790462
306000,4,0.001791339377668919,0.0017736202634125947,0.0017914251187672934,0.0017737224772533071,0.0007934990503776362
308000,4,0.0017957834870612715,0.0017803957443498074,0.001795934662511109,0.001780527318205321,0.0007821381877576719
310000,4,0.0017876080936111976,0.0018295225471816957,0.0017876084604087523,0.0018296352043366037,0.0007705594575947586
312000,4,0.001782332424831111,0.0018012076468579472,0.001782439271232122,0.0018013562862715135,0.0007587718010021542
314000,5,0.0018413869392825291,0.0018709488098695875,0.001841470972498933,0.0018711046300601585,0.0009820368360223429
316000,5,0.0018464128817431628,0.0018809189616329968,0.0018464311998742599,0.0018810908051914482,0.0009781602764303487
318000,5,0.0018404202585224994,0.0018944775807857514,0.00184032050952869,0.001894592315166906,0.0009739144807367494
320000,5,0.0018394619889731984,0.0018828668302483856,0.0018396368921462442,0.0018830137698291757,0.000969302727551516
322000,5,0.001836068376665935,0.0019076126361265778,0.0018361709353620116,0.0019077312187169716,0.0009643285780775581
324000,5,0.001837936954339966,0.0018503560277447104,0.0018380462756674746,0.0018504914612297591,0.0009589958733607576
326000,5,0.0018190912538557313,0.0018478091005049645,0.001819180821617402,0.0018479427630627592,0.0009533087313239064
328000,5,0.0018318494468694553,0.001841068012882024,0.001832040483224361,0.0018412263373902473,0.0009472715435868409
330000,5,0.0018218762511969543,0.0019374611290730536,0.001821906986735038,0.0019376497608201272,0.0009408889720752265
332000,5,0.0018266359314438887,0.001877428411860019,0.0018267004644231936,0.0018775891424857448,0.0009341659454206104
334000,5,0.0018360448411258404,0.001863874971512705,0.001836213849356814,0.0018639594241104335,0.0009271076551545256
336000,5,0.0018239766447804868,0.0018503780223056675,0.0018239549778360134,0.0018505246376390827,0.0009197195516995824
338000,5,0.0018207518832932693,0.0018282420718483627,0.0018209072522711962,0.0018284281193052935,0.0009120073401606427
340000,5,0.0018171665533445775,0.0018531600232608617,0.0018173591833958462,0.0018532681395032823,0.0009039769759193302
342000,5,0.001820230254845228,0.001881333530396223,0.001820350513948173,0.0018814722414953998,0.0008956346600352749
344000,5,0.001800344455987215,0.0019189375567622482,0.0018004187212911065,0.001919098833716715,0.0008869868344576461
346000,5,0.0018147961644281168,0.001819170362148434,0.0018148899563073524,0.0018192808947878364,0.000878040177050668
348000,5,0.0018020593388646375,0.001905541629549116,0.001802245543475665,0.0019056636990353885,0.0008688015964369648
350000,5,0.0018044378878548741,0.0018548232650384307,0.0018045713323947773,0.0018549381160077381,0.0008592782266627088
352000,5,0.0017932111966074444,0.0018074701284430921,0.0017933151297455825,0.0018075876861734584,0.0008494774216887016
354000,5,0.0018093143809528557,0.0018109851627610624,0.0018095373197189305,0.001811102912463192,0.0008394067497116326
356000,5,0.0018128034337132704,0.0018189148727990687,0.001812981542480399,0.0018190375165719132,0.0008290739873199071
358000,5,0.0017876634147251024,0.0018735605309717358,0.001787844610893155,0.001873667527760998,0.0008184871134885513
360000,5,0.0018052735960518477,0.0018041312265768647,0.0018055980378508128,0.0018042322179016874,0.0008076543034178366
362000,5,0.0017919749771535861,0.0018580353784933687,0.0017920842624766186,0.001858154821368741,0.0007965839222203774
364000,5,0.0017971440585679375,0.001805777382273227,0.0017971662073125866,0.0018059227783578115,0.0007852845184615775
366000,5,0.0017909482003597077,0.0017709300862438976,0.0017909885810504427,0.0017710635289651696,0.0007737648175584154
368000,5,0.0017760606857482343,0.001806026541031897,0.0017761668900881271,0.0018061897972934755,0.0007620337150416634
370000,5,0.0017749619783135131,0.0017720775631442666,0.001775102412130757,0.0017722189686615413,0.0007501002696867456
372000,5,0.0017752376303251367,0.0018220607691444457,0.0017752259127591394,0.0018222117001516517,0.0007379736965185367
374000,5,0.0017658776748285163,0.001786840236503631,0.001766035718951248,0.001786981491284497,0.000725663359695507
376000,6,0.001829499375424348,0.0018219016950204968,0.0018295415420615027,0.0018220511063458678,0.0009706072420722887
378000,6,0.0018345839044486638,0.001848722615148872,0.0018346689812452474,0.0018488732737422329,0.000965732380477224
380000,6,0.0018406305069220252,0.0018729739117063582,0.0018405552946485482,0.0018731240241379125,0.0009604978796209422
382000,6,0.0018324356482480653,0.001843116876296699,0.0018325592768162684,0.0018432645669611153,0.0009549077815930636
384000,6,0.0018243821194046177,0.0019293235866725445,0.0018244392169749818,0.0019294021109666016,0.0009489664030758909
386000,6,0.00182157405585167,0.0018451197579689323,0.0018217315334383317,0.001845232129089675,0.0009426783320110626
388000,6,0.0018200979573593941,0.0018282478436268865,0.001820256103612865,0.0018283946792918004,0.0009360484240567353
390000,6,0.0018081217395374551,0.0018527367334440351,0.0018082452817188184,0.0018528642597098362,0.0009290817988380385
392000,6,0.0018200489252340048,0.001975267554447055,0.0018200943509109693,0.0019753664121809206,0.0009217838359936914
394000,6,0.0018177126041264272,0.001834596577771008,0.0018177876218157237,0.0018347380621319676,0.0009141601710218379
396000,6,0.001815188200067496,0.0018703536248393356,0.0018153086094234718,0.0018705090981366937,0.0009062166909283062
398000,6,0.001813218895578757,0.001831047912593931,0.0018131947901861626,0.0018311716535266574,0.0008979595296806538
400000,6,0.0018165630474977661,0.0018602374166622757,0.0018166826242832076,0.0018604074600182693,0.0008893950634715083
402000,6,0.0017951622313994448,0.0018335337959229947,0.0017953625631195952,0.001833675743914678,0.0008805299057948618
404000,6,0.001814424006472109,0.0018127685645408927,0.0018145660386324155,0.0018128824415745452,0.0008713709023391204
406000,6,0.0017915726972278208,0.0018267137826234103,0.0017916580601793622,0.0018267931206609998,0.0008619251257008533
408000,6,0.0017956805360154248,0.0019300833853706718,0.0017957264963323958,0.0019302384426542062,0.0008521998699233228
410000,6,0.0017978814834787044,0.0018677146555110813,0.0017979376101154947,0.0018678677100333776,0.0008422026448640124
412000,6,0.001788262127462076,0.0018388489083014429,0.00178844420967691,0.0018389752128207086,0.0008319411703955042
414000,6,0.0017799438695365098,0.0018040642994828521,0.0017801045658363106,0.001804209222365328,0.0008214233704441807
416000,6,0.0017885433218907565,0.0018181090265139937,0.00178875940914354,0.0018182416339355626,0.0008106573668713569
418000,6,0.00179777309729252,0.0018022950113750994,0.0017979244036601823,0.0018024161388214535,0.0007996514732015663
420000,6,0.0017842188058421016,0.0017876652860455216,0.0017843538555192043,0.0017877988838696092,0.0007884141882028448
422000,6,0.001780183829861926,0.0017946635445393621,0.0017804466137379123,0.0017947930651945867,0.0007769541893239685
424000,6,0.0017908508462423924,0.0017722512937150897,0.0017909789948483896,0.0017723579578678888,0.0007652803259937149
426000,6,0.0017709606931020972,0.0017980876344256102,0.0017710531089723102,0.0017982142412904748,0.00075340161278732
428000,6,0.0017827328346320427,0.0018138831521570683,0.0017828397333927337,0.0018140060324728887,0.0007413272224654093
430000,6,0.001761377549439203,0.0018313389049842955,0.0017614087243240618,0.001831442969797685,0.0007290664788907786
432000,6,0.0017605140243831556,0.0017829841075278818,0.0017606401974451919,0.0017831006758942808,0.0007166288498284918
434000,6,0.0017618678364378865,0.0017843151413835586,0.0017619240890056561,0.0017844567658341953,0.0007040239396348593
436000,6,0.0017475905802857596,0.0017587074077688157,0.0017476852495095156,0.0017588490904586315,0.0006912614818409383
438000,7,0.0018115585588384419,0.001835560480132699,0.0018116332149902847,0.001835699661151523,0.00095648026469484
440000,7,0.0018237250108795707,0.001836588768400252,0.001823785153843202,0.0018367077295291772,0.0009506350423812875
442000,7,0.0018306835137773306,0.0018552066483348607,0.0018306155655857614,0.0018553183816289033,0.0009444418389942384
444000,7,0.0018294189811567775,0.0018471823418140412,0.001829641471037557,0.0018473721154608665,0.0009379054369348832
446000,7,0.0018121100802673026,0.0018485190118104219,0.00181209714762674,0.0018486182636412646,0.0009310308836229549
448000,7,0.001813761021272512,0.0018453924795798957,0.0018138480474320649,0.0018455234998057267,0.0009238234875991045
450000,7,0.001809155410650419,0.0018436110111512245,0.0018093227305279512,0.0018437550360413339,0.0009162888144256382
452000,7,0.0018019803281058558,0.0018280997417494654,0.0018021377281763112,0.0018282209231794172,0.0009084326823887801
454000,7,0.0018055902344640345,0.0018148955621756612,0.001805648474103737,0.0018150390010995062,0.0009002611580057838
456000,7,0.0018163982438272796,0.0018073342251591384,0.0018164962592227823,0.0018074750722665703,0.0008917805513403584
458000,7,0.0017949707267107442,0.001901078210361302,0.001795075601501515,0.0019011964959205793,0.0008829974111300271
460000,7,0.0018053863753739279,0.0017925976878963412,0.001805462758855446,0.0017927343077630768,0.0008739185197291822
462000,7,0.0018054313471948262,0.001846548919826746,0.0018054675017629782,0.0018467213422114132,0.0008645508878717409
464000,7,0.00179533490454196,0.0017924891924671828,0.0017955694271085528,0.0017926242042914122,0.0008549017492574454
466000,7,0.0018076304311980492,0.0018683980653434991,0.0018077216393604443,0.0018685032972933788,0.0008449785549659884
468000,7,0.001770876563823549,0.0018127244971692562,0.0017709835766930926,0.0018128391806971665,0.0008347889677032795
470000,7,0.0017817085862334352,0.001813408621326089,0.001781801188510997,0.0018135678358945063,0.0008243408558842898
472000,7,0.0017783403949870262,0.0017857800713181496,0.0017783336644707998,0.0017859303486377242,0.0008136422875570513
474000,7,0.001779024503659457,0.0018220859182439745,0.0017792576853872455,0.0018222408454476844,0.0008027015241724972
476000,7,0.0017740346355712973,0.0017849126967787743,0.0017741544456189005,0.0017850261883076766,0.0007915270142049566
478000,7,0.0017707374422170688,0.0017906222054734826,0.0017709040429042104,0.0017907807399252281,0.0007801273866282303
480000,7,0.001786318942467915,0.001834044776633382,0.0017865586348460394,0.00183421243757016,0.0007685114442522831
482000,7,0.00177608009200776,0.0017905701570771634,0.0017761481508535638,0.0017906999367652049,0.0007566881569257007
484000,7,0.001761933231027797,0.0017942985133826733,0.0017622018792089892,0.0017944204686820798,0.0007446666546091591
486000,7,0.00178715719920001,0.0017862218141928316,0.0017873333858473618,0.001786355842302014,0.000732456220325255
488000,7,0.001745402640372049,0.001776754346396774,0.0017454853483888514,0.00177689719105478,0.0007200662829901408
490000,7,0.001777824936551042,0.001758942728061229,0.0017779097447390177,0.0017590537597479332,0.000707506410132501
492000,7,0.0017390847475908231,0.0017797726953774691,0.0017391414539473288,0.0017798862825108876,0.000694786300505493
494000,7,0.0017497013722313568,0.0017696715004369616,0.0017497851996875376,0.0017697995346479904,0.0006819157765973539
496000,7,0.0017516300045244862,0.0017878401085734367,0.0017517866433604417,0.0017879762265493656,0.0006689047770464602
498000,7,0.0017380148393276614,0.0017497795223258435,0.0017380864556939479,0.00174990906086779,0.0006557633489666958
500000,7,0.0017330253520049155,0.0017497482187114656,0.0017330805930052483,0.0017498878211326789,0.0006425016401890559
502000,8,0.0018098921808996239,0.0018654966231063008,0.0018099535553377155,0.0018655704270319005,0.0009329547956803541
504000,8,0.001822206395532703,0.0018395229948498309,0.0018222064495972657,0.001839703386830124,0.0009258383873976891
506000,8,0.0018183480756706557,0.001851416070535779,0.0018183957375323624,0.0018515643042361434,0.0009183931460566815
508000,8,0.0018178140279196669,0.001862510130945593,0.00181789160543674,0.0018626925335315017,0.0009106248208841567
510000,8,0.001806209956528619,0.0018200161615945399,0.001806253988482587,0.0018201563040773708,0.0009025394105927732
512000,8,0.00180650927129318,0.0017966043094731867,0.0018066732906659817,0.0017967558778536788,0.0008941431587488051
514000,8,0.0017921876297041308,0.0018419820579700173,0.0017923351798780753,0.001842115343227235,0.000885442548950853
516000,8,0.0018021002847526688,0.0018193795077316463,0.0018022789094819273,0.0018195618845114208,0.0008764442998231978
518000,8,0.0017968965705949813,0.0018351969351060688,0.0017969066241157608,0.0018353229639682348,0.0008671553598276692
520000,8,0.0017823314573906827,0.001806251176390797,0.0017824539137185746,0.001806344194672069,0.0008575829018980319
522000,8,0.00180198554895469,0.0018573001031391323,0.0018020770877086238,0.00185745912576159,0.0008477343179010367
524000,8,0.001789391917467583,0.0018900575792975725,0.0017893949723788846,0.0018901814116535078,0.0008376172129284083
526000,8,0.0017917535637971013,0.001848586924765259,0.0017919324830122805,0.001848707925204916,0.0008272393994241822
528000,8,0.001785737396858167,0.0018283356502838432,0.0017859367350292396,0.0018284236527801893,0.0008166088911519233
530000,8,0.0017754943569016177,0.0018241002290509641,0.0017754789568873283,0.0018243094929294927,0.0008057338970064858
532000,8,0.0017607216504984535,0.0018132949854247273,0.0017608243692876333,0.0018133998474129944,0.0007946228146750911
534000,8,0.001775924932124326,0.0017679373547062277,0.0017760222989461223,0.001768060406935422,0.0007832842241526212
536000,8,0.001760742580780061,0.0018362963226437568,0.0017609202897760582,0.0018364272591041828,0.000771726881116134
538000,8,0.0017694418841565493,0.0017910437527671457,0.0017695652298194654,0.0017911436903302528,0.0007599597101637152
540000,8,0.00176247798622353,0.0017683374452404678,0.0017625733642246727,0.0017684737659506733,0.0007479917979228901
542000,8,0.0017623154571920169,0.001756081453487277,0.0017626016307226145,0.0017562290764145544,0.0007358323860339165
544000,8,0.0017652852535829878,0.0017570887305773794,0.0017653088632876126,0.0017572350527317866,0.0007234908640133745
546000,8,0.001746716439636657,0.0017944974858500064,0.0017469901945168982,0.0017946529959876416,0.0007109767620035687
548000,8,0.0017731251161312684,0.0017918891138210893,0.001773412842342202,0.0017920029255381934,0.0006982997434133375
550000,8,0.0017343558981956447,0.0017935439064912498,0.0017344001911728242,0.0017936642813833517,0.0006854695974559524
552000,8,0.0017589792745711747,0.0017654177049733699,0.0017590997260583292,0.0017655101433078117,0.0006724962315898744
554000,8,0.0017381581775553058,0.001782094180006534,0.0017381441630055611,0.0017821911934135172,0.0006593896638681981
556000,8,0.001735064687236445,0.0017501228131726384,0.0017351532465752792,0.0017502199460500427,0.0006461600152026964
558000,8,0.0017329365950718057,0.0017214456908032298,0.0017330952420430005,0.001721566698744308,0.0006328175015484365
560000,8,0.001723628340056166,0.0017894308065995574,0.0017236404194868403,0.0017895399528198967,0.0006193724260150034
562000,8,0.0017169856876134873,0.0017679692384786904,0.0017170597110127545,0.001768096073029645,0.0006058351709104232
564000,9,0.0018047583972802385,0.0018327996149286629,0.0018048162311601848,0.0018329107577708039,0.0009127929783908839
566000,9,0.0018148854235769249,0.0018560431762970984,0.0018149101927285697,0.0018562154143942412,0.0009047941543889015
568000,9,0.0018111076479544862,0.0018342109840177,0.0018110403668156068,0.0018343320229255715,0.0008964827477177041
570000,9,0.0018024720175599215,0.0018503612182848156,0.0018026423877768392,0.0018505215725965734,0.0008878651764583191
572000,9,0.0017993745945277624,0.001846548676788807,0.0017994843533523086,0.0018466814529695121,0.00087894809511254
574000,9,0.001800026981771225,0.001815049184653908,0.001800124266394379,0.0018151710988153589,0.00086973838946431
576000,9,0.0017838137379440012,0.0018410194408893586,0.0017839233662217424,0.001841129518254081,0.0008602431712625096
578000,9,0.0017931141722365282,0.001817217473872006,0.0017933215155150988,0.0018173887515765348,0.0008504697727292523
580000,9,0.0017821270771091805,0.0018454343081638217,0.0017821688639106674,0.0018456263110946986,0.0008404257408979321
582000,9,0.0017836113752855453,0.0018760751655884087,0.001783660932240271,0.0018762082518820086,0.0008301188317853925
584000,9,0.0017907623637875077,0.0018268664750829338,0.001790929414822014,0.0018269170944042663,0.0008195570044027176
586000,9,0.0017797408316400833,0.0017766057812795043,0.0017797143550054963,0.0017767458210016108,0.0008087484146092732
588000,9,0.0017728667907067576,0.0017931446570344269,0.0017729928179847187,0.0017932838081719516,0.0007977014088147375
590000,9,0.0017748613804287742,0.0018045302226953209,0.0017750331669929517,0.001804623076996191,0.0007864245175339925
592000,9,0.0017709233727655374,0.0017910865212231876,0.0017710299923996344,0.0017912522159604877,0.0007749264487998467
594000,9,0.001753392814862309,0.001829740415830165,0.001753467149190233,0.0018299013258095986,0.000763216081438678
596000,9,0.0017647626894176937,0.0017765222750231624,0.001764843026357185,0.0017766454479674796,0.0007513024582141911
598000,9,0.0017553583238332066,0.0018461095428653062,0.0017555253817878671,0.0018462310325295895,0.0007391947788445819
600000,9,0.00174999879184179,0.0017999812104925513,0.0017501106353911338,0.0018000910623500867,0.0007269023928984995
602000,9,0.0017453534989326726,0.0017771705451607705,0.0017454451245877318,0.0017773092522137765,0.0007144347925752959
604000,9,0.0017557305620866828,0.0017407819247990846,0.001755953180891347,0.0017408923243543183,0.0007018016053751354
606000,9,0.001756989290326601,0.001755790497791022,0.0017571357182186822,0.0017559148873502834,0.000689012586664623
608000,9,0.0017342292260727845,0.0017426430666819216,0.001734401440960876,0.0017427669295313293,0.0006760776121436963
610000,9,0.0017527407807356211,0.001754976342637092,0.0017530818738391582,0.0017550705338399166,0.0006630066702195941
612000,9,0.0017333952610788402,0.0018060796008259059,0.0017334720067056786,0.0018061942534506512,0.0006498098542937935
614000,9,0.001738567706051981,0.0017404761789552867,0.0017386206926385366,0.0017406231393344886,0.0006364973549678692
616000,9,0.0017355410706659314,0.0017271243716590107,0.0017355826946244294,0.0017272566180675881,0.000623079452174296
618000,9,0.0017144701474171597,0.0017434188657440245,0.0017145743302156942,0.001743559118484922,0.0006095665072382681
620000,9,0.0017122063920251094,0.001718181613907218,0.0017123312255170752,0.0017183099393144894,0.0005959689548766694
622000,9,0.001716887265065452,0.0017600087323598563,0.0017168977982319857,0.00176015395906471,0.0005822972951403669
624000,9,0.0017040205577213783,0.001734222101662308,0.0017041712993598095,0.0017343428090817764,0.0005685620853060575
626000,10,0.0017954195811762475,0.001808717591445893,0.0017954738116798454,0.0018088665920871466,0.0008902651521680338
628000,10,0.0018049075196613557,0.0018419586338847876,0.0018050180245353976,0.001842122539415915,0.0008814297593725199
630000,10,0.0018085519359156024,0.001850185809135437,0.0018084779475629137,0.0018503149884864971,0.0008722998259295929
632000,10,0.001801743516989518,0.0018317219840735196,0.0018018868291464207,0.0018318343097355218,0.0008628824019879138
634000,10,0.0017882402165269014,0.0019050238798186184,0.0017883290015159115,0.0019051705594786508,0.0008531847596967481
636000,10,0.001786957242351491,0.0018057759154215456,0.0017871004745285857,0.0018058804285413495,0.0008432143875904037
638000,10,0.001782695092522772,0.0017930797080881894,0.0017828490934385,0.0017931914110119829,0.0008329789848055705
640000,10,0.0017706049667613115,0.0018276380166597664,0.0017707300012702206,0.0018277737002744036,0.0008224864551360367
642000,10,0.0017813307356846053,0.0018900593704171478,0.0017813876902213898,0.0018901921471282217,0.0008117449009293668
644000,10,0.0017769505479664075,0.0018173002565465867,0.001777028143190481,0.0018174354292538946,0.0008007626168302565
646000,10,0.0017748766561562661,0.0018741596179828047,0.0017749790853451876,0.0018742819096744419,0.0007895480833753942
648000,10,0.0017712463556963484,0.0017873670615255832,0.0017712429069065983,0.0017875212313944728,0.0007781099604447793
650000,10,0.0017759999573463575,0.0018288738110288979,0.0017761010744505078,0.0018290559330921279,0.0007664570805745483
652000,10,0.001752524133073166,0.0017739651384018362,0.0017527411968222932,0.001774089183334678,0.0007545984421364769
654000,10,0.001771154808520805,0.001762630858849734,0.001771265629101552,0.0017627471516714602,0.0007425432023894239
656000,10,0.0017426557915459853,0.0017753877843543887,0.001742742180707321,0.0017754647237094097,0.0007303006704080815
658000,10,0.0017470004529459402,0.001821267273146659,0.0017470564182731436,0.0018214124741404633,0.0007178802998944933
660000,10,0.0017481308221758808,0.0017752907281927764,0.0017481609242688035,0.0017754168432495539,0.0007052916818778916
662000,10,0.0017332608284195885,0.0017836319116689265,0.0017334451905356382,0.0017837383573778788,0.0006925445373084898
664000,10,0.0017325749238370919,0.001760679960884154,0.001732721254459662,0.0017608166373155733,0.0006796487095509487
666000,10,0.0017396341717394535,0.0017832900015637278,0.001739859858848801,0.0017834027443723796,0.0006666141567833164
668000,10,0.0017405594417068643,0.001732816365789622,0.001740730124347189,0.0017329374916363214,0.0006534509443073072
670000,10,0.001734874456655234,0.0017226066400483251,0.0017350126819491993,0.0017227440079076743,0.0006401692367758603
672000,10,0.0017254791929444764,0.0017598239243030549,0.0017257411806565304,0.0017599336245097122,0.0006267792903439795
674000,10,0.0017365165384835564,0.0017296199328824878,0.0017366196130393242,0.0017297237327144875,0.0006132914447489138
676000,10,0.0017146870763681363,0.0017492464862205088,0.001714792292444197,0.0017493576800578275,0.0005997161153257963
678000,10,0.0017266963348374703,0.0017455853012762965,0.0017268000153457957,0.0017456986630269584,0.0005860637849649073
680000,10,0.0017027833083702716,0.0017554012756422163,0.001702801336217996,0.0017555145711889927,0.0005723449960167703
682000,10,0.0017017905516549946,0.0017284664954431354,0.0017018868404335694,0.0017285895900859454,0.000558570342151331
684000,10,0.001702861586905783,0.0017674837605096399,0.001702920559831245,0.0017676169018842455,0.0005447504601775115
686000,10,0.0016853620516194495,0.0017055831568688153,0.0016854513826840588,0.001705704181251592,0.0005308960218294477
688000,11,0.0017760902588488535,0.001812878746315837,0.0017762013115646957,0.0018129906562044413,0.0008655004399399622
690000,11,0.001797006451699417,0.0017962082638964057,0.0017970595522176095,0.0017963068005359129,0.0008558791202449856
692000,11,0.0018030631136207375,0.0018470690378732978,0.0018029877865950103,0.0018471701611693866,0.0008459829901454665
694000,11,0.0018023940446728374,0.0018079613750800491,0.0018026247299382783,0.00180812659513611,0.0008358196914483034
696000,11,0.0017807555004255846,0.0018079450837895274,0.0017807511082180093,0.0018080548674008067,0.0008253970722683967
698000,11,0.001780209749325877,0.0018166982790082692,0.0017802634850675432,0.0018168531860010021,0.0008147231809683235
700000,11,0.0017710731354018208,0.0017952850779518485,0.001771217468880619,0.0017954107874240727,0.0008038062599433785
702000,11,0.0017678835138503928,0.001806184520982206,0.0017680425187639925,0.0018062895029188927,0.000792654739256784
704000,11,0.0017644599056220614,0.001754512553550303,0.0017645128848369183,0.001754657185177753,0.0007812772301299822
706000,11,0.0017740383167401887,0.001800820378419012,0.0017741428818754518,0.0018009403449480146,0.0007696825182930373
708000,11,0.0017549567449023015,0.0018775307115353643,0.001755042720905734,0.0018776261055502119,0.0007578795572002803
710000,11,0.0017630427245167084,0.0017617320840992033,0.0017631432379707332,0.0017618729075904683,0.0007458774611164378
712000,11,0.0017570956275158097,0.0017657231674157083,0.0017571158184211352,0.0017658578464819672,0.0007336854980785839
714000,11,0.0017454551478440408,0.001757049176879227,0.0017456872515669729,0.0017571733742010956,0.0007213130827393457
716000,11,0.001766605299344519,0.0017795929463393985,0.0017666954444808904,0.001779703482537784,0.0007087697690968966
718000,11,0.0017254210188693833,0.001795688698142767,0.0017255140269852461,0.0017957681683714902,0.0006960652431173418
720000,11,0.0017353735973883887,0.0018020949980057776,0.0017354913893257292,0.0018022689290511289,0.0006832093152552021
722000,11,0.001729296853125561,0.001750953069664538,0.0017292794582258093,0.0017511040272304892,0.0006702119128777647
724000,11,0.0017309231619001366,0.0017976963340304792,0.0017311162351824308,0.0017978440253609035,0.0006570830725991555
726000,11,0.0017248107732157224,0.0017466471841186286,0.001724921190600761,0.0017467561787268978,0.00064383293253005
728000,11,0.0017168812607123982,0.0017344554543495178,0.0017170791977718265,0.0017346150522401218,0.0006304717244490083
730000,11,0.0017320178676163778,0.0018120181823149323,0.0017322645305699676,0.001812162517738968,0.0006170097659014813
732000,11,0.0017223703073395882,0.0017276911241188644,0.0017224500113695146,0.001727781467952883,0.000603457452232584
734000,11,0.0017071816347597633,0.001734175059646368,0.001707431710123204,0.0017342914064757903,0.0005898252485597961
736000,11,0.0017320541090157348,0.0017302402804233133,0.001732197294601042,0.0017303899648034942,0.000576123681691781
738000,11,0.0016920109212223906,0.0017336596330441534,0.0016920539832697928,0.0017338053541231125,0.0005623633319995684
740000,11,0.001721621346398024,0.001694442017544061,0.0017216918992437554,0.0016945602462310689,0.0005485548252463747
742000,11,0.0016791322699282317,0.0016912530814670026,0.0016791592938903495,0.0016913810150790177,0.0005347088243823743
744000,11,0.0016872880790033378,0.0016964970572665335,0.0016873717204889842,0.0016966219331502482,0.0005208360213107497
746000,11,0.0016859870471525938,0.0016975196060538293,0.0016861254682418822,0.001697649474533411,0.0005069471286313915
748000,11,0.0016738887598912698,0.001694177644122392,0.001673971892741082,0.0016942921318281348,0.0004930528713686086
750000,11,0.0016695972459274343,0.001740842678900808,0.0016696405500628642,0.001740983457972429,0.00047916397868925036
752000,12,0.0017774423750524875,0.0018456663511693479,0.0017774910354528086,0.0018457605868411819,0.0008282886858162199
754000,12,0.0017942656288505532,0.0017966731303557754,0.0017942634202621527,0.0017967848705666663,0.0008176830807909692
756000,12,0.0017912101974652615,0.001861896584611386,0.001791277208758561,0.0018620131057434238,0.0008068321604016468
758000,12,0.0017805429293657653,0.0018236113334260881,0.0017806328406521279,0.0018237756317603217,0.0007957443037456824
760000,12,0.0017693080949829892,0.0017921576836146414,0.00176936770508468,0.001792275515595646,0.0007844280728830562
762000,12,0.0017680887044989504,0.0017529383227601648,0.001768230279937007,0.0017530744169160567,0.0007728922062246621
764000,12,0.0017514103015128057,0.0018005656082183124,0.0017515102036251484,0.0018007144122937913,0.0007611456117844934
766000,12,0.0017623234205238986,0.0017743239277414977,0.0017624990495999236,0.0017744704184111909,0.0007491973603008611
768000,12,0.0017576082994637545,0.0018055606624670327,0.0017576501095463435,0.0018056922725586291,0.0007370566782319561
770000,12,0.0017405456084234174,0.001788218772429973,0.0017406836709502622,0.0017883242058815358,0.0007247329406311624
772000,12,0.0017585132457315922,0.001842702137939632,0.0017586014433780125,0.0018428102925426965,0.0007122356639076287
774000,12,0.0017454691329330673,0.0017839630176126958,0.0017454591348260863,0.0017840877992762083,0.0006995744984776807
776000,12,0.001744402194628492,0.0017665106929093599,0.0017445708922640257,0.0017666313659290877,0.0006867592213127558
778000,12,0.0017412171434261837,0.0017470315035246313,0.0017414345687911364,0.0017471417747773777,0.0006737997283896103
780000,12,0.0017245319485664368,0.0017655324158445,0.0017245117616746777,0.001765734617893778,0.0006607060270486313
782000,12,0.0017114020511216949,0.0018050465063005686,0.0017115016497125505,0.0018051450930288884,0.0006474882282661521
784000,12,0.0017273714623297564,0.0017229561924748122,0.0017274600885660327,0.001723080357037625,0.0006341565388467424
786000,12,0.0017094241892336868,0.001762716651428491,0.001709588131348485,0.0017628366980314567,0.000620721253541496
788000,12,0.0017208917684620247,0.0017564365572854876,0.001721048265590528,0.0017565288621240202,0.0006071927470984103
790000,12,0.0017088370728888548,0.0017115707764588297,0.0017089500094464695,0.0017116898039796187,0.0005935814662509873
792000,12,0.0017096559758938384,0.0017207201776094734,0.0017099452899915237,0.00172084666386055,0.0005798979216512537
794000,12,0.0017134255208075047,0.0017197103190049528,0.00171343133924316,0.0017198432583069368,0.0005661526797534148
796000,12,0.0016919754828268196,0.0017451147725619375,0.0016922420903251135,0.0017452537844631461,0.0005523563546544259
798000,12,0.001713925967895193,0.0017160742777585984,0.0017141925517398752,0.0017161995880225142,0.0005385195998977683
800000,12,0.0016798455508833284,0.0017412823663279413,0.0016798544979505197,0.0017414080470291792,0.0005246531002467673
802000,12,0.0017031801021366846,0.0016999308355897665,0.0017032643955913888,0.0017000362496107156,0.0005107675634338015
804000,12,0.0016806540316320025,0.0017093814173527063,0.0016806703759779378,0.001709470350956119,0.0004968737118917747
806000,12,0.0016673770767520182,0.0017085592418909074,0.0016674938984267028,0.0017086299784400485,0.00048298227447423817
808000,12,0.0016692844256176614,0.0016882671448774636,0.0016693963037229277,0.0016883841321725932,0.00046910397817055227
810000,12,0.0016610679643636105,0.0017056364526599646,0.0016610836280281016,0.0017057346245769633,0.00045524953982248865
812000,12,0.0016535740737745072,0.0016846916846558451,0.001653663493743838,0.0016848227680947077,0.000441429657848669
814000,13,0.0017724597967850666,0.0018411994699016213,0.0017725594409475122,0.0018413303762958725,0.0007988165964077682
816000,13,0.001778765693481546,0.001826128804832697,0.0017788078690823448,0.0018262653368570276,0.0007875623046909544
818000,13,0.001779784055746859,0.0018135267806984484,0.0017796974957277932,0.0018136637721699327,0.0007760859569197455
820000,13,0.0017706884213839658,0.0018273174871876836,0.0017708675747324285,0.0018274983835069706,0.0007643964151475585
822000,13,0.0017630982857081109,0.0017828582206368445,0.001763175683496741,0.0017830063465768384,0.0007525027060565463
824000,13,0.0017653518535371403,0.001770890090893954,0.0017654226077281066,0.0017710222597407583,0.0007404140139871797
826000,13,0.0017422926453582476,0.00178354040523991,0.0017424054666466487,0.001783671229414609,0.000728139673846086
828000,13,0.0017543827974004671,0.0017617706861533225,0.001754598253182603,0.0017619221493390639,0.0007156891638976185
830000,13,0.001739818341564387,0.0017840540262684225,0.0017398343943650124,0.0017842198450493132,0.0007030720984447279
832000,13,0.0017440115639183204,0.0018159079764224588,0.0017440741498949775,0.001816042892894756,0.000690298220404781
834000,13,0.0017475748999568168,0.0018102180540002883,0.0017477292019296433,0.0018102744258123474,0.0006773773937860663
836000,13,0.0017384710857295432,0.0017603434036113322,0.0017384427867681027,0.001760479871988314,0.0006643195960707908
838000,13,0.0017270723552792334,0.0017477533238753676,0.0017271910079239916,0.0017479062856362187,0.0006511349105104533
840000,13,0.0017288795707863756,0.001733348886203021,0.001729065705894884,0.0017334457050942394,0.0006378335183395421
842000,13,0.001722374983219197,0.0017344482812471688,0.0017224721617013492,0.0017345788474290118,0.0006244256909135686
844000,13,0.0017027677419246174,0.0017743267822265625,0.0017028391706138664,0.0017744756641857986,0.000610921781777514
846000,13,0.0017155297078134026,0.0017484823144599795,0.0017156010766009961,0.001748602287583643,0.0005973322186708024
848000,13,0.001702951642073458,0.0017804466658830642,0.0017030982480844708,0.0017805875185518023,0.0005836674954749867
850000,13,0.0016969903157441877,0.0017525454713962973,0.001697128790114362,0.0017526618599800722,0.0005699381641103559
852000,13,0.0016923305403033738,0.0017179993418604135,0.001692433697281566,0.001718127029201701,0.0005561548263877266
854000,13,0.0017031782298872714,0.0016903265020437538,0.0017034094674363545,0.0016904549585762929,0.0005423281258217083
856000,13,0.0016986855975992512,0.0017455288279615343,0.0016988105461535627,0.0017456261652299574,0.000528468739411765
858000,13,0.0016760749227833003,0.001690613495465368,0.0016762355160005757,0.0016907184169244758,0.0005145873693974186
860000,13,0.0016944638995919376,0.0016968495062179864,0.00169474886453558,0.0016969267183032527,0.0005006947349939664
862000,13,0.0016762528157851194,0.0017664814304560422,0.0016763127427823722,0.0017665622700721467,0.000486801564115082
864000,13,0.0016834653433179484,0.0017001980940438807,0.0016834928257341256,0.001700326778841027,0.00047291858508870737
866000,13,0.0016733028344169726,0.001671464805174619,0.0016733484161792272,0.0016715909759036783,0.00045905651837262006
868000,13,0.0016540074572840239,0.0016826214134320616,0.001654113459872096,0.0016827353837091336,0.0004452260682760794
870000,13,0.001648441396682756,0.0016591778409294784,0.0016485437438471938,0.0016592901398388169,0.0004314379146939425
872000,13,0.001651213176694,0.001688650800716132,0.0016512400250073256,0.0016887711378142298,0.00041770270485963306
874000,13,0.0016367188879812603,0.0016797452266700565,0.0016368674037956876,0.0016798695837204347,0.0004040310451233307
876000,14,0.0017556224997388199,0.0017779501289315522,0.0017557162801164162,0.0017780923823313799,0.0007676317774386079
878000,14,0.0017733310984040145,0.0017886493244953453,0.0017734353888446022,0.001788799981544445,0.0007557933053472832
880000,14,0.0017751205101376399,0.0018105423348769546,0.001775031287166703,0.0018106824752961114,0.0007437573092717659
882000,14,0.0017625737828784623,0.001784353765565902,0.0017626886114525597,0.0017844733650076144,0.0007315330834267554
884000,14,0.0017527479567506815,0.0018279501925967635,0.001752808518219648,0.0018280929488457113,0.0007191300673782688
886000,14,0.0017484378661902155,0.0017685412849113345,0.0017485794950303285,0.0017686725038574208,0.0007065578387543939
888000,14,0.0017434282056055963,0.0017522405642829836,0.001743571182248297,0.0017523559333421593,0.0006938261058494291
890000,14,0.0017312939098628704,0.0018009096601977945,0.0017314257214334047,0.0018010502589794536,0.000680944700127125
892000,14,0.0017367668419319671,0.0018000597536936402,0.0017368160070542382,0.0018001807957898901,0.0006679235686288112
894000,14,0.001733641415135935,0.0017651713700219988,0.001733754459295974,0.0017652946177514335,0.000654772766292278
896000,14,0.0017324828742421232,0.0017979884768649936,0.0017325900605806238,0.0017981110848819019,0.0006415024481873351
898000,14,0.0017248387029394508,0.001744460417162627,0.0017248180294918386,0.0017445918684504604,0.0006281228616740539
900000,14,0.0017259937658091076,0.0017700647912174464,0.0017261127259916797,0.0017702231625049952,0.0006146443384897378
902000,14,0.001707367750495905,0.001747256684023887,0.0017075773146604913,0.0017473750986418185,0.0006010772867707408
904000,14,0.0017213062902446837,0.0017114638556167483,0.0017214182213144422,0.0017115922178861315,0.0005874321830152871
906000,14,0.001692009706835961,0.001758952420949936,0.0016920819395473497,0.001759039252996324,0.0005737195639935039
908000,14,0.001694318632420618,0.0017408782666362822,0.0016943735323034087,0.0017410493610714442,0.0005599500186109107
910000,14,0.001693575763114495,0.0017331272629275917,0.0016936292251647416,0.0017332686867976422,0.000546134179731651
912000,14,0.001682508164725732,0.0017190258041583002,0.0016826712959622273,0.001719130640026534,0.0005322827159677772
914000,14,0.0016771413993847092,0.0016928325617872179,0.0016773078082568647,0.0016929545603324222,0.0005184063234409328
916000,14,0.0016841108976514078,0.0017521789948828517,0.0016843352667014863,0.0017522997130065192,0.0005045157175227896
918000,14,0.0016833272771909834,0.0016792328449711203,0.0016834782870443152,0.0016793446904574988,0.0004906216245606236
920000,14,0.0016754268784134182,0.0016681128657236694,0.0016755414080737159,0.0016682588732426745,0.00047673477359441014
922000,14,0.0016659462609968615,0.0016823873121850192,0.001666164584992447,0.001682492299405154,0.00046286588807184476
924000,14,0.001676508695964003,0.0016734219584427774,0.001676611042627483,0.0016735366282580114,0.00044902567756767984
926000,14,0.0016545232189819218,0.001690717399250716,0.0016546088304903684,0.0016908338488851949,0.0004352248295137738
928000,14,0.0016650570747151505,0.0016754742008633912,0.0016651701444948934,0.0016755928265860059,0.0004214740009462412
930000,14,0.0016349282999290153,0.0016943670397996902,0.0016349577611023177,0.0016944878722785998,0.0004077838102760714
932000,14,0.0016355865934747271,0.0016727255601994694,0.0016357076166280276,0.001672829320730278,0.00039416482908957696
934000,14,0.001638684493897017,0.0016730801279842855,0.001638733302001233,0.0016732043806461426,0.0003806275739849967
936000,14,0.0016166138476110064,0.0016606814041361213,0.0016166929771269808,0.0016608049903311713,0.00036718249845156347
938000,15,0.0017351593428757042,0.0017581685269251466,0.001735252138246621,0.0017582795395598948,0.0007349129711939266
940000,15,0.0017629746937018354,0.0017779872031509875,0.0017630134191332983,0.0017781096356842344,0.000722558173396634
942000,15,0.001766728241025703,0.001822759317550808,0.0017666306464444882,0.0018229051380305138,0.0007100315158352076
944000,15,0.0017601705003762618,0.0017970044426620006,0.0017603800680312284,0.0017971643255078637,0.000697342671613902
946000,15,0.001743019849905977,0.0017617343312315644,0.0017430124346141372,0.0017618565698360718,0.0006845014390777596
948000,15,0.0017382444516697434,0.001764760428853333,0.0017383259861510898,0.0017649154007358958,0.0006715177342463144
950000,15,0.0017312571040238253,0.001759620762579143,0.0017313864542492692,0.001759755349262278,0.0006584015831564263
952000,15,0.0017232752190902828,0.001794935477245599,0.0017234463478569832,0.001795063343490912,0.0006451631141201597
954000,15,0.001724353379162494,0.0017238880758173763,0.0017244063277950716,0.0017240284919455308,0.0006318125499036852
956000,15,0.0017331692200095858,0.0017501007953844964,0.0017332552652922684,0.0017502295337799532,0.0006183601998332449
958000,15,0.00171335494419327,0.0017713029333949089,0.0017134536253390787,0.0017714243086987874,0.0006048164518342731
960000,15,0.0017137722092738842,0.0017420941987633706,0.0017138602846106415,0.0017422256932199873,0.0005911917644098264
962000,15,0.001709766088053584,0.001756720278300345,0.001709786585441981,0.0017568662813915086,0.0005774966585645092
964000,15,0.0016987725274229888,0.0017330813831463456,0.0016989960468937243,0.0017332125175673508,0.0005637417096801394
966000,15,0.0017168900649121497,0.0017189464724436403,0.0017169807960430155,0.0017190606054775374,0.0005499375393494217
968000,15,0.0016770230102411006,0.0017396829434111714,0.0016771019565881258,0.0017397770625275787,0.0005360948071739379
970000,15,0.0016815104781999252,0.001736104772463441,0.0016816150011096198,0.0017362783325305196,0.0005222242025327848
972000,15,0.0016753522053768392,0.0017064879153855146,0.0016753209025732053,0.001706619287410876,0.0005083364363282211
974000,15,0.0016751531913178042,0.0017022190698608756,0.0016753563925716512,0.0017023450642050294,0.0004944422327146906
976000,15,0.0016645031537627802,0.00168908986620605,0.0016646339702547854,0.0016891950425009085,0.00048055232081761404
978000,15,0.00166228822019184,0.0016764172312617302,0.0016624609293983115,0.0016765632451438335,0.00046667742644834244
980000,15,0.0016722380946448537,0.0017308806800842285,0.0016724849818171084,0.001731030416173922,0.0004528282638216689
982000,15,0.0016625280693988317,0.001669309856723994,0.0016626015407121887,0.001669418077520018,0.0004390155272822949
984000,15,0.0016470981234160717,0.0016967542813904584,0.0016473472224034199,0.001696881791105753,0.0004252498830466414
986000,15,0.0016706805432913825,0.001696957978438586,0.0016708227148477999,0.0016970963664396281,0.00041154196096637995
988000,15,0.0016320352672191802,0.0016577062114141881,0.0016320614228972242,0.0016578471865362388,0.00039790234632004485
990000,15,0.0016580701619095634,0.001642476844713092,0.0016581576934694415,0.0016425934376871698,0.0003843415716390644
992000,15,0.0016150615979568103,0.001682886213529855,0.0016150808156830626,0.0016830034760556484,0.0003708701085745248
994000,15,0.0016183729947661049,0.001634327851589769,0.001618465463680181,0.0016344561615007304,0.00035749835981094415
996000,15,0.001621442102099536,0.001635493290387094,0.001621572806799963,0.0016356194377120737,0.00034423665103330424
998000,15,0.0016056237115699332,0.0016623734628781676,0.0016056883388321777,0.001662481864778924,0.00033109522295354
1000000,15,0.001600980175746372,0.001641567491646856,0.001600992731507111,0.001641685326808477,0.0003180842234026464
1002000,16,0.001737206462683389,0.001788063850980252,0.0017372484278886545,0.0017881674477322833,0.0006880474029200927
1004000,16,0.0017575034902256447,0.0017680675281956792,0.0017574902117279984,0.0017681899107146297,0.0006751018830196597
1006000,16,0.0017490588411164935,0.0017702640882506966,0.0017491338357651385,0.0017703816869037003,0.000662021149175583
1008000,16,0.001741298597829882,0.001765351881813258,0.0017413633970319357,0.0017654998027008648,0.0006488153023506753
1010000,16,0.001729716180358082,0.0017523246658220886,0.0017297742733031844,0.0017524450809603689,0.0006354945401201855
1012000,16,0.001724196044204291,0.0017130363196879625,0.001724333098724257,0.0017131784491281972,0.0006220691487972162
1014000,16,0.0017081916122406256,0.0017530616660416127,0.0017082921415925005,0.0017531800441867495,0.0006085494954896156
1016000,16,0.001715820883953711,0.0017184157130867243,0.0017160052521865297,0.0017185703898301811,0.0005949460200944817
1018000,16,0.0017110714468290098,0.0017323795371502638,0.0017111125266319445,0.0017324940817909302,0.000581269227236458
1020000,16,0.0016940275773813483,0.0017228282771632076,0.0016941560567701583,0.0017229245620627154,0.0005675296781560453
1022000,16,0.0017069033580482938,0.0017540219419263303,0.0017069929096102847,0.0017541616578184498,0.000553737982554196
1024000,16,0.0016953093384800013,0.0017220744400657712,0.001695315590158354,0.0017221908616124983,0.0005399047903994867
1026000,16,0.0016926100121054332,0.0017084130224026739,0.0016927481297967914,0.0017085302343137164,0.0005260407837041959
1028000,16,0.0016940586137934588,0.0016942574223876,0.0016942484517472067,0.0016943541455071436,0.000512156668275638
1030000,16,0.0016707485236984211,0.0017017980909533798,0.0016707456235839915,0.001701961499580669,0.000498263165449122
1032000,16,0.0016587650485453197,0.0017569723993353546,0.0016588628794928873,0.0017570665776241636,0.0004843710038089203
1034000,16,0.0016726814738067333,0.0016935990890860556,0.0016727446798531743,0.0016937229910644765,0.00047049091090363865
1036000,16,0.0016557408139051403,0.0016875714436359703,0.0016559102551947963,0.001687688538224706,0.0004566336049623875
1038000,16,0.0016581062083423604,0.0017010650601983071,0.0016582493492288092,0.0017011622846730516,0.0004428097866181488
1040000,16,0.0016517466978984885,0.0016599281849339605,0.001651855439314159,0.0016600571074953843,0.00042903013064472963
1042000,16,0.001648229937592987,0.001685358815137297,0.0016485462076976244,0.001685501360966632,0.00041530527771368775
1044000,16,0.0016498677724739537,0.0016561693769134582,0.0016498906946566445,0.001656292194927362,0.00040164582617758593
1046000,16,0.0016270074414787815,0.0016934439915232361,0.00162724602735106,0.0016935788342739022,0.0003880623238859298
1048000,16,0.0016491265373479108,0.0016563481532223523,0.0016493741709156364,0.001656487934672912,0.00037456526004010115
1050000,16,0.0016157544383604546,0.001664750229883939,0.001615765170368278,0.0016648796355839372,0.00036116505709358115
1052000,16,0.0016347826706478372,0.0016335735701955856,0.0016348650231193147,0.0016336929349826464,0.00034787206270371504
1054000,16,0.0016107149223098531,0.0016344767200015486,0.0016107451902516246,0.0016345938657075388,0.00033469654174123563
1056000,16,0.0016014120685867966,0.0016528632737137377,0.0016015292420123014,0.001652963305641044,0.0003216486683637145
1058000,16,0.0016021421183249913,0.0016197414933890105,0.0016022524384728567,0.0016198438509520859,0.00030873851815906174
1060000,16,0.0015908655875828117,0.0016316221734136343,0.0015908624665266985,0.0016317361177063902,0.00029597606036514066
1062000,16,0.0015801651465590111,0.0016224660026840866,0.0015802439559924838,0.0016225940054970978,0.00028337115017150835
1064000,17,0.0017276182690790544,0.0017709306768514217,0.001727680089595958,0.0017710702664442384,0.0006524587995866502
1066000,17,0.001741821208561305,0.001773031284287572,0.001741847208819308,0.0017732055020878961,0.0006391686172908507
1068000,17,0.0017361673231353052,0.0017549481358006597,0.0017360759306878767,0.0017550780411286456,0.0006257709687745239
1070000,17,0.001728448265523184,0.0017757334332726897,0.0017285930282831925,0.0017758768429804353,0.0006122761997224802
1072000,17,0.001723558211204363,0.0017280489804036914,0.0017236541730080068,0.0017281978237426896,0.0005986947308161576
1074000,17,0.001719652272266103,0.0017322718352638185,0.0017197501941820332,0.001732392096637414,0.0005850370496867542
1076000,17,0.0016958423260075505,0.0017568518269062041,0.0016959344863989017,0.0017569735465426592,0.0005713137028166653
1078000,17,0.0017072495071624872,0.0017059697053208947,0.001707457948387686,0.0017061043999984779,0.0005575352873954709
1080000,17,0.0016901655900874175,0.0017343501129560173,0.001690177700356769,0.0017345173320531175,0.0005437124431367723
1082000,17,0.0016937246602319648,0.0017834621386788785,0.0016937919276310727,0.0017836028392362582,0.0005298558440621863
1084000,17,0.0016949217377405148,0.001736175431255251,0.0016950571262402162,0.0017362522731635551,0.0005159761902588513
1086000,17,0.0016854383966419845,0.0016862653725221754,0.0016854182896036886,0.00168641701637509,0.0005020841996168027
1088000,17,0.0016705322794732637,0.001695082539319992,0.0016706442854819321,0.0016952208565870724,0.0004881905995526012
1090000,17,0.0016765511335397605,0.001681090074814856,0.0016767189382797733,0.0016811804441731297,0.0004743061187256062
1092000,17,0.0016659038926009088,0.0016838373469561338,0.0016660113812721493,0.001683978813622171,0.0004604414787532878
1094000,17,0.0016465290410851595,0.00172313269039616,0.0016465629786177466,0.0017232560158529713,0.00044660738593197807
1096000,17,0.0016592921239498538,0.0016840221164748073,0.001659349970986279,0.001684159285094257,0.00043281452296945166
1098000,17,0.0016440844124008436,0.0017846564489975571,0.0016442396362528497,0.001784783149913439,0.0004190735407357226
1100000,17,0.0016386927295534406,0.0016862407847866416,0.0016387922986608164,0.0016863606160725806,0.000405395050038427
1102000,17,0.001631929488008609,0.00166391271462664,0.001632036539480954,0.0016640144656827837,0.0003917896134291392
1104000,17,0.001638018760626437,0.0016302973981760442,0.001638249450328107,0.0016304318666064206,0.0003782677370469558
1106000,17,0.0016351867695339024,0.0016944848535954953,0.0016353193489110549,0.0016945565715353907,0.0003648398625056361
1108000,17,0.0016105448248272295,0.001639546592179686,0.0016107082844787244,0.0016396577865433997,0.00035151635883057345
1110000,17,0.0016270569686312227,0.0016284052776545286,0.0016273526283052562,0.0016285080350166132,0.00033830751445181804
1112000,17,0.0016116073161829263,0.0016954771114885807,0.0016116770245787533,0.0016955638886557087,0.0003252235292593347
1114000,17,0.0016136345794075168,0.0016298040316812695,0.0016136625284853571,0.001629940414172756,0.00031227450672663225
1116000,17,0.001600339160708245,0.001611099563445896,0.0016003961990941017,0.0016112393497740947,0.00029947044610884575
1118000,17,0.0015822568507282994,0.0016173580848611892,0.0015823886073389189,0.001617489164698543,0.00028682123472129696
1120000,17,0.0015798829704872332,0.0015875479775294661,0.0015799885387742726,0.0015876465880879976,0.0002743366403044929
1122000,17,0.001577920135925524,0.001626900602709502,0.001577904855987031,0.0016270218309105977,0.0002620263034814632
1124000,17,0.0015631971550756135,0.001588725830540061,0.0015633233125584309,0.0015888493512567253,0.0002498997303132546
1126000,18,0.0017083894585957751,0.0017313649167865514,0.0017084415099116216,0.001731489152733866,0.0006159963468888109
1128000,18,0.0017253504880063702,0.0017939723977446556,0.0017254713787245599,0.001794093355407358,0.0006024376776455914
1130000,18,0.0017326785035838839,0.001755623025931418,0.0017325939671560702,0.001755753400021629,0.0005887999058699873
1132000,18,0.001722949796676403,0.0017410850650258361,0.0017230562198875734,0.0017412270372583714,0.0005750935626703597
1134000,18,0.0017064544066088274,0.0018008642830513418,0.0017065121120211078,0.0018009787744847647,0.0005613292321060286
1136000,18,0.0016985967351938597,0.0017210786157660187,0.0016987470556145173,0.0017212091229398324,0.0005475175430142467
1138000,18,0.0016951213046268094,0.0017036339979432523,0.0016952505425640325,0.0017037603381791838,0.0005336691608025941
1140000,18,0.0016816327104752418,0.0017479193406552077,0.001681742141054958,0.0017480263735310927,0.0005197947792131348
1142000,18,0.0016853503418969922,0.0017610827553831041,0.001685419428841617,0.0017612100087773868,0.0005059051120646922
1144000,18,0.0016819155790144577,0.001700523947291076,0.0016820084477873183,0.0017006569185716385,0.0004920108849796223
1146000,18,0.0016758244915108663,0.001795505228061229,0.001675929928548815,0.001795636392607618,0.0004781228271014704
1148000,18,0.0016677722219901625,0.0016811918510682882,0.001667748940842464,0.001681325636684674,0.0004642516628099118
1150000,18,0.0016677101803943516,0.0017194406381249427,0.0016678026664122066,0.0017195921801018022,0.00045040810343936706
1152000,18,0.0016498748468002304,0.001684626642819494,0.0016501136110333543,0.0016847591624935558,0.00043660283900769537
1154000,18,0.001663605717563769,0.0016478264673985541,0.0016637216184580042,0.0016479507235763707,0.00042284652996134374
1156000,18,0.001634535951365251,0.0017119524840824307,0.0016345953044603347,0.0017120423504403948,0.00040914979894333703
1158000,18,0.0016374759791360702,0.0017088065156154334,0.0016375267926319011,0.0017089455129311963,0.00039552322259045323
1160000,18,0.00163432472574641,0.0016560589431412517,0.0016343868440236498,0.0016561713111785537,0.0003819773233659314
1162000,18,0.0016191160150046927,0.001644532088767737,0.0016192822364478026,0.0016446519782270987,0.0003685225614340065
1164000,18,0.0016102125115285161,0.0016326347178593277,0.0016103516321878052,0.001632753599962942,0.00035516932658255686
1166000,18,0.001617465275194263,0.0016558674599789084,0.0016176892053614744,0.0016559681983375036,0.00034192793020009215
1168000,18,0.0016142914986703545,0.0016137815129570663,0.0016144430198385118,0.0016138871825302262,0.00032880859731328503
1170000,18,0.0016062299810582772,0.0016056144482269883,0.0016063578003786575,0.0016057352942896884,0.00031582145869118815
1172000,18,0.0015965774645155762,0.0016174617154709994,0.0015967909168037777,0.0016175604283250897,0.00030297654302223985
1174000,18,0.00160625566059025,0.001618477924466133,0.0016063625089180393,0.0016185946620124701,0.0002902837691700947
1176000,18,0.001585044513543835,0.001617212104704231,0.0015851004176766752,0.0016173276269056066,0.0002777529385142623
1178000,18,0.001591684358601924,0.0016061039964295923,0.0015917886795494866,0.001606203223663535,0.00026539372738146696
1180000,18,0.0015608167580212467,0.0016051685367152095,0.001560857073387783,0.001605280106099371,0.0002532156795735727
1182000,18,0.0015628844139282591,0.0015809378195740284,0.001563007388410733,0.0015810613058384227,0.00024122819899784575
1184000,18,0.0015600922432204242,0.0016394650993682444,0.0015601359857471775,0.0016395613624830025,0.00022944054240524154
1186000,18,0.0015415647737972904,0.0015810645980201662,0.001541635411919627,0.001581174875978016,0.00021786181224232827
1188000,19,0.0016817479195306078,0.0017152119099721312,0.001681811187806523,0.0017153329300903931,0.0005788690369687188
1190000,19,0.0017120670658478047,0.001752128325868398,0.001712128484801782,0.0017522582129244305,0.0005651195951148864
1192000,19,0.0017196854794747196,0.001748077689539641,0.0017196051506740602,0.001748216487400226,0.000551319867809452
1194000,19,0.0017163766423764174,0.0017109120259806514,0.0017165947936261471,0.0017110646125629314,0.0005374805112230866
1196000,19,0.001694529143627733,0.0017282310196384788,0.0016945104887562173,0.0017283766373229368,0.0005236122121282517
1198000,19,0.00168860951231909,0.0017052630480006337,0.0016886962230920157,0.001705387365081386,0.0005097256796468597
1200000,19,0.0016812323697959074,0.0016888868973590433,0.0016813815021566969,0.0016890032742864246,0.0004958316369806712
1202000,19,0.0016714514091727324,0.0017370674636214972,0.0016715800464425906,0.0017371903623912381,0.0004819408131308239
1204000,19,0.0016664095313462894,0.0016784709216281773,0.0016664677387140175,0.0016786141562264104,0.00046806393461287934
1206000,19,0.0016763313271221706,0.001707406437806785,0.0016764024375548298,0.001707536591487785,0.0004542117171737938
1208000,19,0.0016550253926543518,0.0017203647359646857,0.0016550978333261513,0.001720470897733165,0.00044039485751719916
1210000,19,0.0016539066822151653,0.001683832838255912,0.0016540065979984782,0.0016839419140736833,0.00042662402504339435
1212000,19,0.0016491545971657616,0.0016788454858027398,0.0016491769037302888,0.001678973457574297,0.0004129098536104161
1214000,19,0.001640555371734081,0.001648391954228282,0.0016407702283040163,0.0016485172854569618,0.00039926293332255834
1216000,19,0.0016530884253734258,0.0016625423806346953,0.0016532287935443668,0.00166263530367731,0.00038569380235267735
1218000,19,0.001616928772389656,0.0016701727077923715,0.0016170063437419156,0.0016702588839230662,0.0003722129388045984
1220000,19,0.0016196909192658494,0.001655350845977664,0.0016197863920208496,0.001655489648765737,0.00035883075262190743
1222000,19,0.0016101794480346144,0.0016551014022901653,0.001610180386407814,0.0016552168745033022,0.0003455575775493773
1224000,19,0.0016109544319333508,0.0016392635830678045,0.001611149946508878,0.0016394043714270223,0.00033240366315323355
1226000,19,0.001595531708037015,0.0016254374434798956,0.0015956421132005544,0.0016255471838850627,0.00031937916690642364
1228000,19,0.001595635877281893,0.0016119388222135603,0.0015958092639297636,0.0016120577900241395,0.00030649414634500104
1230000,19,0.0015987784616881982,0.0016433376538008452,0.001599013217307833,0.0016434843793773602,0.00029375855130168044
1232000,19,0.001590116714272881,0.0016107822178304196,0.0015901998147276105,0.0016109016480872144,0.00028118221622256095
1234000,19,0.0015746376932074782,0.0016476817399822174,0.001574872287374329,0.0016477918861158205,0.0002687748525729529
1236000,19,0.0015954602358397097,0.0016071731071732938,0.0015956182675429128,0.0016072892081067736,0.0002565460413381678
1238000,19,0.0015607189096917863,0.001600692907962948,0.0015607436752065082,0.0016008235837850313,0.00024450522562506795
1240000,19,0.0015801216904947069,0.001574115094859153,0.0015801919116489645,0.0015742367372606194,0.00023266170337008375
1242000,19,0.0015401497292041313,0.001608979712575674,0.001540202812948225,0.0016090921423749123,0.00022102462015933494
1244000,19,0.0015449719166790602,0.0015626012808457018,0.001545072944965266,0.0015627131061716603,0.00020960296216639203
1246000,19,0.0015421492314198985,0.0015693633244745434,0.001542285984883202,0.0015694933414856908,0.0001984055492131415
1248000,19,0.0015277331538964063,0.0015860036462917923,0.0015277918260050791,0.0015861133327297408,0.00018744102795910446
1250000,19,0.0015234845894156023,0.001567697894871235,0.0015235043327883,0.0015678165185779996,0.0001767178652244738
1252000,20,0.001685404680465581,0.0017268567433953285,0.0016854769381458021,0.0017269602133338955,0.00052742826606148
1254000,20,0.0017054408948752099,0.001751870095487684,0.0017053959752205419,0.0017520071137472346,0.0005135456792375141
1256000,20,0.001699469917541137,0.0017302075856737793,0.0016995527561792963,0.001730316915855173,0.0004996526324191872
1258000,20,0.0016893465161265339,0.0017189325556531548,0.0016894305400511258,0.001719072983943866,0.00048575985383864095
1260000,20,0.0016806725760397966,0.0017098216672241688,0.0016807225062634393,0.0017099515571607914,0.00047187807152088346
1262000,20,0.0016725519786123186,0.0016754673186317086,0.0016726697252341933,0.0016756182749025406,0.0004580180049995927
1264000,20,0.0016541148496617098,0.001690105580855161,0.0016542273123675423,0.001690223644651769,0.0004441903570394739
1266000,20,0.0016568977705319413,0.001683634285274893,0.001657047480558007,0.0016837926909416322,0.0004304058053715701
1268000,20,0.0016538621749787126,0.0016579496104456484,0.0016538930762250866,0.0016580778365203842,0.0004166749944479015
1270000,20,0.0016351986895897425,0.001675577230900526,0.0016353124165523318,0.0016756568237437292,0.0004030085272218022
1272000,20,0.001645625141041819,0.001690570580549538,0.0016457094120458182,0.0016907145989770648,0.000389416956960304
1274000,20,0.0016322002818633336,0.001660747771523893,0.0016322003238083199,0.0016608502738292823,0.00037591077909488813
1276000,20,0.001630413005594164,0.0016436947164684534,0.001630557277598155,0.0016438099788247968,0.000362500423116895
1278000,20,0.0016263844016357325,0.0016400967626087368,0.0016266006961780596,0.0016401967517644441,0.0003491962445238568
1280000,20,0.0016084272239240817,0.0016504435718432068,0.0016084492542473225,0.0016505901792828153,0.0003360085168229654
1282000,20,0.0015953975920565426,0.001692499268874526,0.0015954884299620884,0.001692600766225492,0.00032294742359785425
1284000,20,0.001603786478866823,0.001629793716724962,0.001603872495695361,0.0016298817558200614,0.00031002305064481997
1286000,20,0.0015862296567065641,0.0016287539951689541,0.0015863928504609014,0.0016288718778195745,0.00029724537818455455
1288000,20,0.0015848910678760149,0.0016389961170963942,0.0015850182952780617,0.0016391009310895756,0.0002846242731554033
1290000,20,0.0015814343388192355,0.0015975048086419702,0.0015815229800777955,0.0015976129406526341,0.0002721694815941003
1292000,20,0.0015739541279617697,0.0016106165816262364,0.0015742476353452007,0.00161072012940046,0.00025989062110986426
1294000,20,0.001575314419256756,0.0015965254182368517,0.0015753281149824918,0.0015966533090157541,0.00024779717345766415
1296000,20,0.0015540437260933686,0.0015919670723564922,0.0015542925772997177,0.0015920726230642113,0.00023589847721639618
1298000,20,0.0015722910540644079,0.001590040977485478,0.0015725441064716396,0.001590165517368231,0.0002242037205776159
1300000,20,0.0015435612934816163,0.0015947012316808104,0.001543585688171647,0.0015948079008495004,0.00021272193425040414
1302000,20,0.0015569449593895114,0.0015547944121621549,0.001556997540754148,0.0015549070873367662,0.0002014619844878398
1304000,20,0.0015319560853531585,0.001559395395833999,0.0015320170774014747,0.0015595077336430763,0.00019043256624046422
1306000,20,0.0015269042090512812,0.0015578156152181327,0.0015270271002431766,0.0015579188102871964,0.0001796421964420285
1308000,20,0.0015189110705978238,0.0015491233899258077,0.0015190294302606991,0.0015492216582893052,0.00016909920743270312
1310000,20,0.0015116060338041279,0.0015469060469791294,0.0015115934414335892,0.0015470124303553988,0.00015881174052483256
1312000,20,0.0015011194336111658,0.0015508573894202709,0.0015011967207513475,0.001550979626168561,0.00014878773971620091
1314000,21,0.0016647830307871725,0.0017523715636692941,0.0016648346085723826,0.0017525167044180167,0.0004895797261883025
1316000,21,0.0016860972212743945,0.0017071653640083968,0.0016861238048618207,0.001707320353584457,0.00047569385078369286
1318000,21,0.0016859463007131126,0.0016984149372018874,0.001685868091682794,0.0016985654717052306,0.00046182674462492805
1320000,21,0.0016692511223664042,0.0017230951466038823,0.0016694018860624227,0.0017232189217379667,0.00044798911591273333
1322000,21,0.00166727393885958,0.0017124968283995987,0.0016673525077172211,0.0017126242404795866,0.00043419165008530325
1324000,21,0.0016629436521616299,0.00168546935075894,0.0016630538156820393,0.0016855837564184616,0.0004204450015669919
1326000,21,0.001637535077839857,0.0016997337067872285,0.001637670132871892,0.0016998563530028165,0.00040675978554094845
1328000,21,0.0016415892491058912,0.0016600213534757496,0.0016417673884412246,0.0016601289882882233,0.0003931465697520568
1330000,21,0.001629720762692159,0.0016773153341934086,0.0016297725244483752,0.0016774649933941213,0.0003796158663465078
1332000,21,0.0016320480252907145,0.0017172048253566027,0.001632100698731844,0.0017173409314226828,0.0003661781237543018
1334000,21,0.0016266823333862704,0.0016531916561350227,0.0016268254125158584,0.0016532943541826297,0.00035284371862095656
1336000,21,0.0016174064514634665,0.001643215394616127,0.001617406438193957,0.0016433414472725794,0.0003396229477946448
1338000,21,0.0016032240311615168,0.0016227390342019499,0.0016033154449359662,0.0016228777733961048,0.00032652602037495243
1340000,21,0.0016059201130992733,0.001635051304847002,0.0016061303782543988,0.0016351353780018692,0.00031356304982939635
1342000,21,0.0015988922433170956,0.0016254902601242065,0.0015990175607304923,0.001625613505121793,0.0003007440461837888
1344000,21,0.0015765206508513074,0.0016912228336185217,0.00157658918024676,0.0016913285506338666,0.00028807890829247995
1346000,21,0.0015903672729618847,0.0016329043876565992,0.0015904494395282344,0.0016330243342526961,0.0002755774161944482
1348000,21,0.001571214128372958,0.0017026219417527319,0.0015713826078243833,0.001702752354131019,0.000263249223561138
1350000,21,0.0015646322974353097,0.001608945862352848,0.0015647186712159458,0.0016090644872031466,0.0002511038502418809
1352000,21,0.001552114064223133,0.0015927161956578494,0.0015522087862242723,0.0015928191590504524,0.00023915067491265174
1354000,21,0.0015618062999856192,0.0015682885697297752,0.0015620520452558234,0.001568417722995806,0.00022739892783384236
1356000,21,0.0015569928451441228,0.0016124618460796774,0.0015571202861078385,0.0016125470682812764,0.00021585768372263948
1358000,21,0.0015377002161112614,0.0015661645053699613,0.0015378536374557705,0.0015662713202236884,0.00020453585474551362
1360000,21,0.00154731602902757,0.001552225887402892,0.0015475922881162184,0.0015523288465694074,0.00019344218363623151
1362000,21,0.0015344680234265979,0.0015849980168789624,0.0015345473107133533,0.0015850823441036883,0.00018258523694470268
1364000,21,0.001532843643683009,0.001551860040742904,0.001532852852969141,0.0015519813786756078,0.00017197339842187727
1366000,21,0.0015196025026380084,0.0015361583266593516,0.001519665642143101,0.0015362791098026244,0.00016161486254579954
1368000,21,0.0015046067158400547,0.0015423905679956078,0.0015047435729280045,0.0015425168294300915,0.00015151762819382066
1370000,21,0.0014987630180839915,0.001515610840152949,0.0014988652801481966,0.0015157142872984492,0.00014168949246585216
1372000,21,0.0014950071558414494,0.0015354723705165087,0.0014949870600899824,0.0015355873325959962,0.0001321380446634342
1374000,21,0.0014835282954154536,0.0015134000148437918,0.0014836625757755804,0.0015135284388722973,0.0001228706604292644
1376000,22,0.0016395960328518414,0.0016832904346100986,0.001639645680146887,0.0016834088968130192,0.00045179091228484216
1378000,22,0.0016659996366070117,0.001729060191102326,0.0016660501085787225,0.001729205390993941,0.0004379813380866609
1380000,22,0.001673187655134825,0.0017231454919464887,0.001673126999219367,0.0017232515149352367,0.00042421965479468894
1382000,22,0.0016604851417650933,0.001706712749991566,0.001660602277368347,0.0017068396061193552,0.0004105164892019514
1384000,22,0.0016513234559388365,0.00169926722753793,0.0016513709381485986,0.0016993745898846373,0.0003968824229140152
1386000,22,0.0016395664189185481,0.001690695045106113,0.001639726677729611,0.0016908153564834361,0.0003833279841778583
1388000,22,0.001634298646618845,0.0016337026887945831,0.001634431542104051,0.0016338215200949475,0.0003698636397519404
1390000,22,0.001615020805853419,0.0016684157053381205,0.0016151436472764914,0.001668537326110129,0.0003564997868237556
1392000,22,0.0016180818503780756,0.0017095999608933926,0.0016181413057357501,0.0017096858313145303,0.00034324674498110953
1394000,22,0.0016164080820744856,0.0016332263489812612,0.0016165025590311915,0.001633358345775549,0.00033011474824331654
1396000,22,0.0016076313839876093,0.0017393156084418296,0.0016077189347320818,0.001739409921089806,0.00031711393715847474
1398000,22,0.001599077827471774,0.001611380821634084,0.001599083603034773,0.00161150700315872,0.00030425435097291924
1400000,22,0.0015951546203577891,0.0016493585327640177,0.00159524704676961,0.0016494859703181483,0.0002915459198789002
1402000,22,0.0015782872711424716,0.0016083412910811604,0.0015785280645322951,0.0016084581344927818,0.00027899845734647376
1404000,22,0.0015925535575370305,0.0015899395203962923,0.0015926908656928246,0.001590051147955066,0.00026662165254552427
1406000,22,0.0015644156624912285,0.001619742206465453,0.001564513722468971,0.0016198287834506431,0.0002544250628637739
1408000,22,0.0015651734136336018,0.001628699813336134,0.0015652184623324516,0.0016288387898218885,0.00024241810652655195
1410000,22,0.0015567906943615526,0.0016116258612088859,0.0015568801366221568,0.0016117220925325687,0.0002306100553240274
1412000,22,0.0015442379105079453,0.0015867616371810437,0.0015443449898319948,0.0015868752712802424,0.00021901002745151755
1414000,22,0.001532088479027152,0.001559190482404083,0.0015322501592881582,0.0015593123234123446,0.00020762698046840412
1416000,22,0.001540752935281489,0.0015877349668927492,0.0015409838225270097,0.0015878357400517635,0.0001964697043810922
1418000,22,0.0015327404898998792,0.0015597201830148697,0.001532893662455966,0.0015598278987866063,0.00018554681485535369
1420000,22,0.0015264612482278608,0.0015499278250522912,0.0015265877307528996,0.0015500367718386766,0.00017486674656329616
1422000,22,0.0015171719504287467,0.0015367484018020332,0.0015173710902839448,0.001536856072229043,0.00016443774667009736
1424000,22,0.0015258209551975597,0.0015501397388614714,0.0015259106605309241,0.001550237797736882,0.00015426786846553075
1426000,22,0.001502293708268553,0.0015361623294465243,0.0015023685001967864,0.0015362693938242048,0.00014436496514520254
1428000,22,0.0015113938702270388,0.0015237092613987625,0.0015115092952995015,0.0015238203568728962,0.00013473668374630281
1430000,22,0.0014805962607788387,0.0015332251230068504,0.0014806570419256156,0.0015333418357123608,0.0001253904592425505
1432000,22,0.001483288865769282,0.0015090146337077021,0.0014834084027712136,0.0015091303866492747,0.0001163335088028969
1434000,22,0.0014774327891936992,0.00151918786900118,0.0014774612585146153,0.0015192863055905092,0.00010757282621841463
1436000,22,0.0014630545912368688,0.0015157371490076184,0.001463123518017636,0.0015158439675624176,9.911517650168272e-05
1438000,23,0.0016000151876360178,0.0016539394920505584,0.001600030355942653,0.0016540568078162302,0.00041427841880875126
1440000,23,0.0016455363949935417,0.0016792936646193267,0.0016455697496061924,0.001679386820927212,0.00040062429826781385
1442000,23,0.0016532470792299137,0.001701718461755663,0.0016531877485554845,0.001701843966252162,0.00038704691579674654
1444000,23,0.0016477840653969906,0.0016680688835121692,0.0016479851928672819,0.0016682063643034934,0.00037355675587119657
1446000,23,0.0016315942980581896,0.00167162328902632,0.0016316059064679833,0.0016717495268694065,0.00036016423561342705
1448000,23,0.0016245849545521195,0.0016594390470534564,0.0016246708997260013,0.0016595675399756744,0.0003468796967481991
1450000,23,0.0016141324939089826,0.0016423635383322835,0.0016142732879407455,0.0016424684020110022,0.00033371339761687673
1452000,23,0.001603318719746312,0.001663436449058354,0.0016034606166662716,0.0016635590492592813,0.00032067550525591927
1454000,23,0.0015948775522119831,0.0016262773727253078,0.0015949568499316336,0.0016264362082680653,0.0003077760875458796
1456000,23,0.0016035491385264322,0.0016269002533890306,0.001603648734864675,0.0016270186662921146,0.00029502510543697325
1458000,23,0.0015852246735303197,0.0016266069226711988,0.0015853057551659048,0.0016267174849723,0.00028243240525721493
1460000,23,0.0015800838888098952,0.0016209721375629305,0.0015801890130733764,0.0016210836302195423,0.00027000771110907034
1462000,23,0.0015747323894465808,0.0015928825399838388,0.0015747453151746017,0.0015929790097871438,0.0002577606173604894
1464000,23,0.0015635539146896917,0.001597186656706035,0.0015637679358637682,0.0015973064846467515,0.0002457005812361192
1466000,23,0.001577500488026999,0.0015984382319636642,0.0015776275842489902,0.001598530362973077,0.00023383691551442188
1468000,23,0.001543496792553924,0.0015960650544799865,0.0015435814677838098,0.0015961509029286686,0.00022217878133633234
1470000,23,0.0015426159165217541,0.0015848686787858605,0.0015427198076756379,0.0015850159307255777,0.00021073518113101116
1472000,23,0.0015338952358288226,0.0015667738804034889,0.0015338794688860974,0.0015668882640212558,0.0001995149516641548
1474000,23,0.0015324294246092905,0.0015676310774870217,0.0015326172653179122,0.0015677457728975415,0.0001885267572142314
1476000,23,0.0015128722005756572,0.0015565184335783124,0.0015130001752340543,0.0015566297935172306,0.00017777908288191174
1478000,23,0.0015144149940460921,0.0015502904590405523,0.0015145850512084862,0.0015504110114242227,0.0001672802280378619
1480000,23,0.0015176250640652142,0.0015591972116567195,0.0015178612717632292,0.001559310789516346,0.00015703829991395603
1482000,23,0.0015074602579989004,0.001535051944963634,0.001507546740349408,0.0015351628753569311,0.00014706120734285882
1484000,23,0.0014924950096174142,0.0015586425621621311,0.0014927130396755121,0.0015587634431174606,0.000137356654650814
1486000,23,0.0015109704985516146,0.0015387155197001993,0.0015110981955624545,0.0015388254421212456,0.00012793213570835106
1488000,23,0.0014764820552081801,0.001524330598767847,0.0014765222299428702,0.0015244292399066704,0.00011879492814350651
1490000,23,0.001497468324174406,0.0014974831258691848,0.0014975365683011284,0.001497590837719469,0.00010995208772202885
1492000,23,0.0014580673007294537,0.001515801084935665,0.0014581397089912585,0.0015158985190737925,0.00010141044289890578
1494000,23,0.0014595462100114674,0.0014917240860499441,0.001459650687692606,0.0014918259762558995,9.31765895454199e-05
1496000,23,0.0014616974854725414,0.0014861347186379136,0.0014618165469497753,0.001486243442753534,8.525688585580699e-05
1498000,23,0.001447327711066464,0.0015082545248046517,0.0014473655079271174,0.0015083374867689678,7.765744743744874e-05
1500000,23,0.0014448536698473617,0.0014850940581038594,0.0014448904630938787,0.0014851787486575663,7.03841425883916e-05
1502000,24,0.001609486018336611,0.0016572234488464893,0.0016095162424725443,0.0016573179190174973,0.0003638368509817076
1504000,24,0.001632558162586065,0.001660305444393307,0.0016325367590143685,0.0016604394669139356,0.00035052159092711487
1506000,24,0.001627248464821605,0.0016564464315399526,0.0016273480264334499,0.0016565571754013537,0.0003373217583301358
1508000,24,0.0016209995556564535,0.0016619880112819373,0.0016210928481273997,0.0016621250009643846,0.0003242475461218236
1510000,24,0.001611641652882099,0.0016729249540530144,0.0016116928981832162,0.0016730343166582032,0.0003113090502289735
1512000,24,0.0016032943689788227,0.0016117455366440117,0.0016034218059003218,0.0016118692698900924,0.00029851626177803347
1514000,24,0.001580423890380189,0.0016238588989712299,0.0015805741823310103,0.001623983819891565,0.0002858790593799403
1516000,24,0.0015806169987772592,0.0016058849956840278,0.001580775034214056,0.0016060380729854028,0.000273407201501841
1518000,24,0.0015780236652353779,0.0016143232195079326,0.0015780690455952798,0.001614431668978131,0.00026111031893159034
1520000,24,0.001560679564921884,0.0016059503331035375,0.0015608313428664574,0.0016060335529518976,0.00024899790734084014
1522000,24,0.0015667521340947132,0.0015986866709589958,0.001566820854636427,0.0015988281663614852,0.0002370793199524685
1524000,24,0.0015513326439831872,0.0015908965549431742,0.0015513505406915139,0.001590988684032472,0.00022536376031800603
1526000,24,0.0015503252997878007,0.0015757408765889704,0.001550452871772478,0.0015758462503765009,0.00021386027521063877
1528000,24,0.0015472391949733718,0.0015665349356271327,0.001547440343673872,0.0015666493826089975,0.00020257774763927656
1530000,24,0.0015314589193149003,0.0015799986415728927,0.0015314919618085057,0.0015801380203852061,0.00019152488998908
1532000,24,0.0015140939321718178,0.0015731483401171863,0.00151417695893445,0.0015732497075464427,0.00018071023729374297
1534000,24,0.001522773787030019,0.0015528038377314805,0.0015228374258694035,0.001552910060763874,0.00017014214064472644
1536000,24,0.001504674975411035,0.0015643695990927517,0.0015048347967783727,0.0015644978622919815,0.00015982876074253243
1538000,24,0.001501138376072049,0.0015418252523802221,0.001501262837690232,0.0015419406907055987,0.00014977806159499962
1540000,24,0.0014981791193713434,0.0015322004794329405,0.0014982859131069221,0.0015323163800614855,0.00013999780436748283
1542000,24,0.0014895854785863776,0.0015247522610239684,0.0014898685502249458,0.0015248425930240804,0.0001304955413896705
1544000,24,0.0014900948003632947,0.001518095093984157,0.001490117718341465,0.0015182031228226658,0.00012127861032366282
1546000,24,0.0014713355801650324,0.0015077248350903391,0.0014715634380424159,0.0015078192358472606,0.00011235412849781928
1548000,24,0.0014833059684024193,0.001505418415348977,0.0014835196306018463,0.0015055260436670093,0.00010372898741074511
1550000,24,0.0014603291445819196,0.0015046647131443025,0.0014603557628091095,0.001504758203254467,9.540984740966647e-05
1552000,24,0.0014731832348334137,0.001478474137764424,0.00147323769520438,0.001478572008396696,8.74031325472997e-05
1554000,24,0.001448971421137685,0.0014803692137263715,0.00144902993181507,0.001480468305707211,7.971502562118843e-05
1556000,24,0.0014427358140819706,0.0014755832135677337,0.0014428690416518949,0.0014756857975170153,7.235146339933674e-05
1558000,24,0.0014377205235068687,0.001471712694875896,0.0014378594813022026,0.001471801367305152,6.531813203582926e-05
1560000,24,0.0014299899576581084,0.0014626279465295375,0.0014299452580655721,0.0014627157081879593,5.862046267997273e-05
1562000,24,0.0014243979814636987,0.0014625835093855857,0.001424488490078711,0.0014626883385154192,5.226362728235517e-05
1564000,25,0.0015851473991836732,0.0016494489231333137,0.0015851743225193283,0.0016496230290334584,0.0003278298511446598
1566000,25,0.0016085708935861475,0.0016535274449549615,0.0016086234388394084,0.0016536535149778932,0.0003148530326928859
1568000,25,0.001606796303880401,0.001637517450004816,0.0016067561740341803,0.001637630179181485,0.00030201918501430736
1570000,25,0.001594742551125819,0.0016374369884468616,0.0015949025242813133,0.0016375533489799764,0.0002893382184258598
1572000,25,0.001590702548972331,0.00165918935617432,0.0015907928630055248,0.0016592903037662206,0.0002768199251894653
1574000,25,0.0015873946187784896,0.0016122200647369026,0.0015874926871245602,0.0016123190684017399,0.00026447397195043354
1576000,25,0.001563616903993534,0.001625643757916987,0.0015637416262989764,0.0016257563112413785,0.00025230989227286306
1578000,25,0.0015628885200421791,0.0015902412980236113,0.0015630555822113454,0.0015903529658230703,0.00024033707927780757
1580000,25,0.0015481641885999125,0.001602350275106728,0.0015482343290548661,0.0016024882581502583,0.0002285647783898947
1582000,25,0.0015510249586659483,0.0016608844423666596,0.0015511063181804328,0.0016609781825656044,0.00021700208019799372
1584000,25,0.0015425489115295933,0.0015944500364921987,0.001542668668817337,0.0015945443368446436,0.00020565791343544977
1586000,25,0.0015331293825001922,0.0015722375080734492,0.001533134021720497,0.0015723632943662658,0.00019454103808530182
1588000,25,0.0015190416658879258,0.0015579866690747439,0.0015191019101361458,0.0015581060199336668,0.0001836600386158098
1590000,25,0.0015221990963909776,0.0015534499865025283,0.0015224134489552985,0.0015535452669577486,0.00017302331735151593
1592000,25,0.0015153398181137164,0.0015534615058638156,0.0015154744132480664,0.001553593345129579,0.0001626390879849563
1594000,25,0.001496339560544584,0.0015735348240472377,0.0014964154838263916,0.0015736453900617815,0.00015251536923403426
1596000,25,0.0015013371879758779,0.0015391437247209252,0.0015013774996857619,0.0015392652128092522,0.0001426599786499554
1598000,25,0.00148722188238753,0.001554044152572751,0.0014873852334260965,0.0015541607080013316,0.0001330805265805014
1600000,25,0.0014768569461884908,0.0015159298050962389,0.0014769316959473834,0.0015160298877153675,0.00012378441029330844
1602000,25,0.0014655520881933625,0.0015230609694309532,0.0014656451201092325,0.0015231568208173077,0.00011477880826368487
1604000,25,0.001476221526536392,0.0015082899701222778,0.001476469406950485,0.0015084002060341945,0.0001060706746313827
1606000,25,0.0014685925787489395,0.0015169471901468933,0.0014687254559055444,0.001517030839446755,9.766673383059904e-05
1608000,25,0.0014514066099363845,0.0014985923085175455,0.0014515573626676776,0.0014986687998095867,8.957347539735856e-05
1610000,25,0.0014584151895833202,0.0014737445054762066,0.0014586543454118835,0.001473835989719278,8.179714895828344e-05
1612000,25,0.0014488949594378938,0.0014903761017881333,0.0014489714943130645,0.0014904705586813946,7.434375940462163e-05
1614000,25,0.0014458095708396285,0.001480432402268052,0.0014458382545414856,0.0014805332053453907,6.721906225526147e-05
1616000,25,0.0014361923617543652,0.001458583424706012,0.001436236482018162,0.001458682221206177,6.0428559212310164e-05
1618000,25,0.0014197218109038658,0.001460190040897578,0.0014198777206674534,0.0014603072406428807,5.3977493912671926e-05
1620000,25,0.0014163731024891605,0.0014463659703172742,0.001416495479892242,0.0014464655774312145,4.787084787890267e-05
1622000,25,0.001415305056521902,0.0014479984578862786,0.0014152836247426708,0.001448094857131749,4.211333667247125e-05
1624000,25,0.0014053340714308433,0.0014438701376691461,0.0014054540735827562,0.0014439735395496542,3.6709406252395104e-05
1626000,26,0.0015473472177982331,0.001631100003477186,0.0015473515514688228,0.0016311850623752706,0.0002928096803758801
1628000,26,0.0015790600551699753,0.001698257003519684,0.001579125839218557,0.0016984350154107435,0.0002802456828647312
1630000,26,0.00158719085357734,0.001684766589142382,0.0015871369127990725,0.001684882420205253,0.0002678513799755942
1632000,26,0.0015773693775117863,0.00163810924006626,0.0015774878538579059,0.001638259243328837,0.00025563634260824175
1634000,26,0.0015681926324614323,0.001633265090305358,0.0015682779313580986,0.0016333581551990952,0.00024361000323333404
1636000,26,0.0015586710976494941,0.0015988333524204791,0.0015588432811628004,0.0015989413690397929,0.00023178164860865165
1638000,26,0.0015496192039863672,0.0015804360598698258,0.0015497661417763274,0.0015805394295038066,0.00022016041260784604
1640000,26,0.0015319483929197304,0.0015877358961291612,0.001532057082835496,0.0015878343227297836,0.00020875526916724817
1642000,26,0.0015275095274846534,0.0016039052831754088,0.0015275787055831517,0.001603994364317298,0.0001975750253561812
1644000,26,0.0015262116997037084,0.0015786158990487456,0.0015263261833194468,0.0015787235680070422,0.00018662831457612916
1646000,26,0.0015200010245316662,0.0016319498522952198,0.001520066326920936,0.0016320489308977704,0.0001759235898940088
1648000,26,0.0015112369443813804,0.001549895874708891,0.0015112321743512725,0.0015500049071212238,0.00016546911751470024
1650000,26,0.001505180158332223,0.0015601631136983633,0.0015052886279521382,0.0015602711134728136,0.00015527297039786954
1652000,26,0.0014897252738592214,0.0015364908014424146,0.001489944304200117,0.001536598533138113,0.00014534302202401795
1654000,26,0.0015025671074399725,0.0015318276992253958,0.001502703083790353,0.0015319348617268305,0.00013568694031456698
1656000,26,0.001473743056965759,0.0015334805369749665,0.001473861642677592,0.0015335660881133073,0.00012631218171067893
1658000,26,0.0014730225854436866,0.0015231649252027274,0.0014730653963741394,0.0015232929849709964,0.00011722598541538005
1660000,26,0.0014689830589340999,0.0015049122148752213,0.0014690586874352876,0.001505010528259162,0.00010843536780343865
1662000,26,0.0014530503436690197,0.0014964970075152814,0.0014531435331473464,0.0014965890784036933,9.994711700330789e-05
1664000,26,0.001440684884582879,0.0014778643869236112,0.0014408112759415617,0.0014779671794601908,9.176778765532351e-05
1666000,26,0.0014520756355195772,0.001492567147705704,0.0014523085341045837,0.0014926597804235987,8.390369585020042e-05
1668000,26,0.0014440466955129522,0.00148513966973871,0.0014441928990509372,0.001485223963984676,7.636091425173791e-05
1670000,26,0.0014390033458475955,0.001465853949803859,0.0014391357186407118,0.001465957545453078,6.914526740749855e-05
1672000,26,0.0014280772529018577,0.0014610654746368527,0.001428247931035586,0.0014611498562817752,6.2262327251084e-05
1674000,26,0.0014378353798529134,0.0014639224763959647,0.001437937867442104,0.0014640058674951681,5.57174087994799e-05
1676000,26,0.001417221334471833,0.0014506737266667187,0.0014173052716699756,0.0014507634608911689,4.9515566048790485e-05
1678000,26,0.001427852668595733,0.0014411276686377822,0.0014279383041077062,0.0014412204817466354,4.3661588071535974e-05
1680000,26,0.001397888422914548,0.0014423058187402785,0.001397968074336601,0.0014423993737178312,3.8159995318522654e-05
1682000,26,0.0014017548055271617,0.0014333371856622397,0.0014018825066001574,0.0014334327735439452,3.3015036128144437e-05
1684000,26,0.0013988153154787142,0.0014304362093098461,0.0013988454973338765,0.0014305350280496767,2.8230683445809036e-05
1686000,26,0.0013894767799356486,0.0014330312639661133,0.0013895408640994286,0.0014331192924194945,2.3810631756023326e-05
1688000,27,0.0014943224643357098,0.0015937006658688188,0.0014943544796195258,0.0015938129787520829,0.00025897706407823336
1690000,27,0.0015534675848612096,0.0016282718734443188,0.0015535017337656458,0.0016283651857388066,0.0002468979006763111
1692000,27,0.0015573796208773274,0.0015949411798641085,0.0015573427556805277,0.0015950551913319422,0.00023501418310514655
1694000,27,0.0015558318391849753,0.0016135573254153132,0.0015560381787429877,0.001613709715997983,0.000223335087989744
1696000,27,0.0015424775494029745,0.0016206407988443971,0.0015424651655192008,0.0016207520690934701,0.00021186963394533164
1698000,27,0.001533059160632547,0.001581361961979419,0.001533178861781958,0.001581480219452303,0.00020062667461317424
1700000,27,0.001526321854616981,0.0015663752220198511,0.0015264582896064452,0.0015664693416407203,0.0001896148918237772
1702000,27,0.0015101901415910106,0.001557102893497795,0.001510337505619223,0.0015572139054600774,0.00017884278889276323
1704000,27,0.0014959619251894765,0.0015703659725748002,0.0014960395258741446,0.0015704899683815108,0.0001683186840545998
1706000,27,0.0015089984293153976,0.0015522207839414478,0.0015090765142120304,0.0015523341232561065,0.0001580507040392455
1708000,27,0.0014931705245398916,0.0015438635060749948,0.0014932461891775477,0.0015439712658011666,0.00014804677779667568
1710000,27,0.0014833893323957454,0.0015280734883248806,0.0014834786756516033,0.0015281740045168216,0.00013831463037413666
1712000,27,0.0014784521608089563,0.0015402044095471502,0.0014784634757707394,0.001540266402496846,0.00012886177695085077
1714000,27,0.0014704117531946395,0.0015109521042741836,0.001470627103556726,0.001511044633777574,0.00011969551703478482
1716000,27,0.0014823357650311664,0.0015060528228990734,0.001482485554037755,0.001506137129344225,0.00011082292882595752
1718000,27,0.0014508187257160899,0.0015049453636258841,0.0014509330033906248,0.0015050439001668022,0.00010225086375064352
1720000,27,0.001449467208905844,0.0014958945156261325,0.0014495757200216402,0.0014960224881916187,9.398594117069104e-05
1722000,27,0.0014390871668001637,0.0014811522570811213,0.0014390723418136134,0.001481253791127668,8.603454327204058e-05
1724000,27,0.001438979956379626,0.0014822147503122688,0.0014391546804719266,0.0014823322468598482,7.840281013639078e-05
1726000,27,0.00141987693880219,0.0014615577688254415,0.0014199746889014503,0.0014616529854611295,7.109663499981834e-05
1728000,27,0.001423298084322596,0.0014666238686628639,0.0014234569003649757,0.0014667352052622573,6.412165970201195e-05
1730000,27,0.0014268778455152641,0.0014632317243888973,0.0014271234449032668,0.0014633327152618226,5.748327032963452e-05
1732000,27,0.0014189381061005407,0.0014495372195914389,0.0014190176231302356,0.0014496378256456724,5.118659305717988e-05
1734000,27,0.0014055998440016993,0.0014634616749919951,0.0014057900531608872,0.0014635548370495741,4.523649018853154e-05
1736000,27,0.0014246269140858203,0.001444346838183701,0.001424752473783544,0.001444437589684043,3.963755640228517e-05
1738000,27,0.0013940354008518624,0.0014331978939659893,0.0013940946867909572,0.0014332986518889312,3.439411520373026e-05
1740000,27,0.0014157811912882607,0.001425134247224778,0.0014158410614905513,0.001425222266838614,2.9510215586232626e-05
1742000,27,0.001378366212535184,0.0014265514674596488,0.0013784530905143963,0.001426642822919108,2.4989628904596106e-05
1744000,27,0.0013812987462733873,0.001420894350297749,0.001381397131065246,0.0014209928062124816,2.0835845962815847e-05
1746000,27,0.0013873784690804315,0.0014158608673885465,0.0013875112588076235,0.0014159654864056854,1.7052074318474276e-05
1748000,27,0.001379345612018369,0.0014156078368611634,0.0013793852627654673,0.0014157013048767993,1.3641235805860409e-05
1750000,27,0.0013787827646301594,0.0014089785326272248,0.0013788230107512377,0.0014090650403346737,1.0605964279724933e-05
1752000,28,0.0015045149700308683,0.0015960009075887502,0.0015045606376234172,0.0015960986368961255,0.0002150008258870123
1754000,28,0.0015305976791423746,0.0015772585767693818,0.0015305705130452664,0.0015773603833581379,0.00020369580763625518
1756000,28,0.001528546553570777,0.0015925944131612777,0.0015286623061630882,0.0015926862025361682,0.00019261959593901235
1758000,28,0.0015208842709544114,0.001592859335076064,0.0015209633001901938,0.0015929764420892071,0.00018178074386300948
1760000,28,0.001509472301841015,0.0015785789212584495,0.0015095277234287619,0.001578699889292831,0.00017118762118650588
1762000,28,0.0015037796156539115,0.0015364165463671088,0.001503901173573078,0.0015365341569393033,0.00016084840793514132
1764000,28,0.0014820800628513099,0.0015591392303444444,0.0014822223786902225,0.0015592603798791987,0.00015077108806530566
1766000,28,0.0014761261946114245,0.0015298801973089575,0.001476292550303865,0.001529990294628558,0.00014096344329891697
1768000,28,0.0014761643512465525,0.0015224131458252668,0.0014761879701117634,0.0015225040072113641,0.00013143304711436333
1770000,28,0.0014620778910175432,0.0015191712643951177,0.0014622243538073188,0.0015192596320066014,0.0001221872588982506
1772000,28,0.0014620259364892263,0.0015466354508511721,0.0014620767856959567,0.001546728932115643,0.00011323321826247335
1774000,28,0.0014534093333641066,0.0015163681696355343,0.001453423907538008,0.001516445182784212,0.00010457783953099603
1776000,28,0.001451323579181917,0.0014905795281007887,0.0014514621123680107,0.0014906748490461927,9.622780640060014e-05
1778000,28,0.0014461609754071105,0.001487841799557209,0.0014463960640755003,0.0014879415686978477,8.818956677972406e-05
1780000,28,0.0014350643365469296,0.0014929848260246217,0.0014351260582862323,0.0014930891088615933,8.046932780937843e-05
1782000,28,0.001418178887310205,0.0014683295894041657,0.0014182779163212477,0.0014684403774291284,7.307305106998141e-05
1784000,28,0.0014249835197115317,0.0014677531318739057,0.00142503324630283,0.0014678509214000822,6.600644797781846e-05
1786000,28,0.001407524924201425,0.001465625732112676,0.0014076889945797957,0.0014657324302574128,5.927497537467641e-05
1788000,28,0.0014056197649624665,0.001448860168159008,0.0014057084396188818,0.00144897103446836,5.288383131406266e-05
1790000,28,0.0014062101259769407,0.0014432816852070391,0.001406281223215522,0.0014433818199634531,4.683795104726046e-05
1792000,28,0.0013966587696049829,0.0014423997366800904,0.0013969474096715549,0.0014424909455950058,4.114200321231937e-05
1794000,28,0.001403338683390757,0.0014327790061943234,0.001403381057370481,0.0014328774282396327,3.5800386228927004e-05
1796000,28,0.0013864316154795233,0.0014280932843871415,0.0013866341386948179,0.0014281828450757607,3.081722490194133e-05
1798000,28,0.0013989098957390524,0.0014235661764442921,0.0013991104519255006,0.0014236571162746907,2.6196367236210992e-05
1800000,28,0.001381639554630965,0.0014209763717465103,0.001381680219032704,0.0014210662441006847,2.1941381465139355e-05
1802000,28,0.0013954808241105638,0.0014137916234321893,0.001395562328855707,0.0014138788263099687,1.8055553295289463e-05
1804000,28,0.001373503176466329,0.0014099965820275246,0.0013735496374689393,0.0014100866783870955,1.4541883369156573e-05
1806000,28,0.001370615590712987,0.001406580477114767,0.0013707664478821125,0.0014066689811144848,1.1403084948066967e-05
1808000,28,0.0013718598007399123,0.0014037683385424316,0.001371999773315066,0.0014038585773619601,8.641581816993815e-06
1810000,28,0.0013695730415347498,0.001400608359351754,0.00136952410854264,0.001400702103972828,6.259506412906346e-06
1812000,28,0.0013673700448998715,0.0013987994680181145,0.0013674471252579094,0.0013988929202034125,4.2586981780988745e-06
1814000,29,0.0014698368628742174,0.0015624677006155253,0.0014698664169813186,0.0015626005537543637,0.00018473728322460637
1816000,29,0.0014950947170436848,0.0015636335917934775,0.0014951249937453044,0.0015637851129317185,0.00017407576136100277
1818000,29,0.0014964663034770637,0.0015532657137513162,0.0014964349250228637,0.0015533762577885253,0.0001636659186962488
1820000,29,0.0014855365082912613,0.0015413915636390448,0.0014856913829512125,0.0015415013430068556,0.00015351579372687674
1822000,29,0.0014831905825412831,0.0015530964544974268,0.0014832811231698564,0.0015531890865013408,0.00014363322439501407
1824000,29,0.0014773582957568578,0.0015322945124097169,0.0014774672266423118,0.0015323706494845503,0.00013402584203591362
1826000,29,0.001456069125328213,0.001542598616555333,0.001456207467645664,0.0015427090667415224,0.00012470106548502413
1828000,29,0.0014530384179088287,0.001509032136760652,0.0014532241057302012,0.0015091410376612971,0.00011566609534915378
1830000,29,0.0014387890294601676,0.0015195009154640139,0.0014388391687061382,0.001519632100742963,0.00010692790844615146
1832000,29,0.0014448228828259743,0.0015497832875698806,0.00144489042833195,0.001549893997524949,9.849325241739598e-05
1834000,29,0.001434437760268338,0.001496219523642212,0.0014345423514724456,0.0014963067011325433,9.036864051725879e-05
1836000,29,0.0014256879347958602,0.0014854492773860692,0.0014257131212476856,0.0014855390949189752,8.256034658355704e-05
1838000,29,0.0014157167646917513,0.001476281726770103,0.0014157732381107724,0.0014763705357006525,7.507440019288742e-05
1840000,29,0.0014176206083211583,0.0014648424672521652,0.0014178604044722467,0.00146492922886347,6.791658200457773e-05
1842000,29,0.001414928474870976,0.0014695669923163951,0.0014150815202921563,0.0014696596075059268,6.109241929685278e-05
1844000,29,0.0013981234802340624,0.0014589227272942661,0.0013982075842860423,0.001459022609422606,5.460718169866164e-05
1846000,29,0.0014030911680310964,0.0014437329289130867,0.0014031470026090837,0.0014438511421520218,4.846587712046174e-05
1848000,29,0.001390851108764764,0.0014515037583746017,0.001391010387794753,0.0014516047293294,4.267324788710297e-05
1850000,29,0.0013796876240230631,0.0014352741010673345,0.0013797507640363569,0.0014353702096015907,3.723376707579768e-05
1852000,29,0.001375968983687926,0.001431787816286087,0.0013760173074430688,0.0014318805631996204,3.215163506200253e-05
1854000,29,0.001388207251089625,0.001421353128813207,0.0013884351448111396,0.0014214540725870836,2.7430776275882476e-05
1856000,29,0.0013827618449286092,0.0014211314659193159,0.0013828972184949837,0.0014212223639420427,2.307483617186029e-05
1858000,29,0.0013709541227435694,0.0014153166029602289,0.001371113671762476,0.0014154088246175988,1.9087178413590422e-05
1860000,29,0.0013779785880178679,0.0014078794781304895,0.0013781877499283585,0.0014079738386333443,1.5470882276532983e-05
1862000,29,0.0013776022833772003,0.001406537499409169,0.0013776827119494715,0.0014066327020316766,1.2228740270132432e-05
1864000,29,0.0013748031312134116,0.0014055658955499529,0.0013748571605590007,0.0014056573361747161,9.36325598143739e-06
1866000,29,0.0013698561516939662,0.001399002548120916,0.0013699042087804726,0.0013990971073318654,6.8766421418271495e-06
1868000,29,0.0013583908536529633,0.0013980543460696937,0.001358566061193425,0.0013981456982364458,4.770818918336972e-06
1870000,29,0.0013607045334065333,0.0013963217012770473,0.0013608224277940001,0.0013964152677649077,3.0474124309020077e-06
1872000,29,0.001364659769431455,0.001395221979636699,0.0013646422065468698,0.001395314980214811,1.7077534966650766e-06
1874000,29,0.001357909011625452,0.0013934430585242808,0.0013580136268445393,0.0013935356547567313,7.528766023176536e-07
1876000,30,0.001422869986796286,0.0015803102676942944,0.0014228734517323291,0.0015803703788616595,0.00015628073448724185
1878000,30,0.001457299365196377,0.0015811774329654873,0.00145735953566304,0.0015813435424509054,0.0001463238177439663
1880000,30,0.0014671382757660467,0.0015814580682106316,0.0014671084216580355,0.0015815558833303337,0.00013664001029312661
1882000,30,0.001454035647562705,0.0015321187247708439,0.0014541470391016918,0.0015322365261440077,0.00012723678998574511
1884000,30,0.0014514989534509368,0.0015623659742251038,0.0014515879505766639,0.0015624757642542881,0.00011812141800301945
1886000,30,0.0014400456984294578,0.001506141068842262,0.0014401930702439797,0.0015062237849401189,0.00010930093324922824
1888000,30,0.0014323719253297896,0.00150378361556679,0.0014325016994968824,0.0015038875303613496,0.00010078214691627808
1890000,30,0.0014163915930257645,0.0015119787896238268,0.001416514430934915,0.0015120747236951925,9.257163722408996e-05
1892000,30,0.0014135537223191933,0.0015197956672124565,0.0014136303863145068,0.0015198971559716708,8.467574434088859e-05
1894000,30,0.0014139861765725072,0.001486066255532205,0.0014140684630134003,0.0014861577242422637,7.710056548731437e-05
1896000,30,0.0014053674551250878,0.0015160301192291082,0.0014054262517623818,0.0015161210458711695,6.985195022814067e-05
1898000,30,0.0013994536139070987,0.0014764844856597482,0.0013994642101487096,0.0014765776957070102,6.293549595522985e-05
1900000,30,0.0013960382507939358,0.0014546719397976996,0.001396123744052484,0.0014547592821372404,5.635654356521952e-05
1902000,30,0.00138185932172928,0.0014574408960714936,0.0013820726646107326,0.0014575190750760912,5.012017333527402e-05
1904000,30,0.0013963138513790909,0.0014403093585930765,0.001396468070624264,0.001440405833049464,4.423120100008593e-05
1906000,30,0.0013759585854422767,0.0014398349244333804,0.0013760797941582636,0.001439920751363437,3.869417403315856e-05
1908000,30,0.0013771417870011647,0.001433635995965451,0.0013772029869548311,0.0014337207063525176,3.351336813524053e-05
1910000,30,0.0013735774072119967,0.001419932643454522,0.001373655328164229,0.0014200306987516317,2.8692783932622256e-05
1912000,30,0.0013604955101036466,0.0014154125630110503,0.0013605811317692965,0.0014155188490517921,2.4236143887846397e-05
1914000,30,0.0013556625024357344,0.0014119018763117492,0.0013557481888996198,0.0014120049026898906,2.014688942521664e-05
1916000,30,0.0013699752009415534,0.0014078397540561855,0.0013701971041855804,0.0014079367835881553,1.642817827332449e-05
1918000,30,0.0013648024847207126,0.0014109968455880881,0.0013649500751464476,0.0014110923208977204,1.3082882026646759e-05
1920000,30,0.0013653772979450877,0.001398106333259493,0.0013655199129656574,0.001398211325427639,1.0113583928095304e-05
1922000,30,0.0013579950235725847,0.0013969378532655537,0.0013581457099441684,0.0013970296331669275,7.5225768742330784e-06
1924000,30,0.0013721912890323437,0.0013971222685277463,0.0013722977365017734,0.0013972157038648096,5.311861644696048e-06
1926000,30,0.001360244917043019,0.0013937597535550593,0.001360333968974048,0.001393854319480284,3.4831453571879666e-06
1928000,30,0.0013722262040246277,0.0013932443512417376,0.0013723173011072323,0.0013933403747323702,2.0378401492414654e-06
1930000,30,0.0013482512854970992,0.0013917639646865427,0.0013483583067190896,0.0013918563312341648,9.770620877631586e-07
1932000,30,0.0013576120071811602,0.001391112376190722,0.0013577341768721645,0.00139120770358412,3.0163030720520293e-07
1934000,30,0.0013610414585564286,0.0013909825382381678,0.0013610790225819806,0.0013910774161306123,1.2066377028496777e-08
1936000,30,0.0013561929157585838,0.0013909582269750536,0.0013562486409651024,0.0013910529262180077,1.0859389894563032e-07
1938000,31,0.0013657953530782834,0.0015183184388652443,0.0013657984239462814,0.0015184093088779454,0.00012979428431102047
1940000,31,0.0014157763458497357,0.0015348152719438077,0.0014158409446548433,0.0015349274148151197,0.00012059904283024303
1942000,31,0.0014284396104048938,0.0015191070183925332,0.0014283839339111635,0.001519218602696269,0.00011169677535269396
1944000,31,0.0014233125567843672,0.0015106478525884449,0.001423518718451129,0.0015107577170951376,0.00010309435622302498
1946000,31,0.0014117745101975743,0.0015312606651335956,0.0014117971170475253,0.0015313522005504364,9.479842824253182e-05
1948000,31,0.0014057039048639126,0.001498264220599085,0.0014058035696089333,0.0014983542931337828,8.681539753957269e-05
1950000,31,0.001402120731130708,0.0014911954016983509,0.0014022373294760892,0.0014912845339486863,7.915142862274688e-05
1952000,31,0.001386860529164551,0.0014820769282616675,0.0013870062878178452,0.001482183106843967,7.181243962065076e-05
1954000,31,0.0013766752015508246,0.0014780922066420317,0.0013767341525126652,0.001478198112496078,6.480409771189028e-05
1956000,31,0.0013911583279550542,0.0014586879487335682,0.0013912366019563252,0.0014587885318440518,5.8131814748877024e-05
1958000,31,0.001373225496208761,0.0014576886850222945,0.001373270166364375,0.0014577847253456448,5.1800743078787574e-05
1960000,31,0.001371625647327164,0.001457696956284344,0.0013717059259697763,0.001457796582401445,4.581577156491229e-05
1962000,31,0.001367854722600896,0.0014508827794156968,0.0013678912694986927,0.0014509424160701792,4.018152181146817e-05
1964000,31,0.0013619251030904706,0.0014275174984708428,0.00136210337341014,0.0014276120176986752,3.490234459478914e-05
1966000,31,0.0013761602944869081,0.001424908707663417,0.0013763132286772907,0.0014250012443400022,2.9982316503649297e-05
1968000,31,0.0013547569524380379,0.0014249414436519146,0.0013548671449487362,0.0014250418696331157,2.5425236791315086e-05
1970000,31,0.0013533410240488594,0.0014173702406696975,0.001353471071146772,0.0014174621731167878,2.1234624441756444e-05
1972000,31,0.0013486808244488203,0.00141001337621361,0.0013486800864106927,0.0014101072344388323,1.7413715452281153e-05
1974000,31,0.0013525779428018724,0.0014046336749941111,0.0013527558456918793,0.0014047346661012568,1.396546033469337e-05
1976000,31,0.0013417810416431167,0.001399307431615889,0.0013418463866466776,0.001399403608027187,1.0892521836903479e-05
1978000,31,0.0013492115481640212,0.0013966164326667785,0.0013493568478621218,0.0013967191981375448,8.19727288675054e-06
1980000,31,0.00135778849828057,0.0013955218183808028,0.0013580266722103952,0.0013956181248449028,5.881794759623138e-06
1982000,31,0.001355490385176381,0.0013917817881330848,0.0013555741831613312,0.0013918769164270079,3.947875471295992e-06
1984000,31,0.0013479900587408337,0.0013897635459341109,0.0013481676055131066,0.0013898569114244876,2.39700839722079e-06
1986000,31,0.0013720404360792599,0.001389343018718064,0.0013721594913277129,0.0013894377922109762,1.2303911193397576e-06
1988000,31,0.0013486108254292049,0.0013883419658243655,0.0013486728889084724,0.0013884386570328837,4.489245013108989e-07
1990000,31,0.0013762169266119599,0.001388249172847718,0.0013762975043572889,0.001388344894114943,5.3211992859791835e-08
1992000,31,0.0013435873867711052,0.0013882366609200836,0.0013436846082407817,0.0013883324076427838,4.355916379467084e-08
1994000,31,0.0013527080200437921,0.0013881408534199,0.0013528231591132852,0.0013882362724147166,4.1997346804495405e-07
1996000,31,0.0013637961844506208,0.0013884500571154058,0.0013639215186424347,0.0013885461714895253,1.1821642379054586e-06
1998000,31,0.0013584928989585022,0.0013880225688964129,0.0013585343341362254,0.0013881171195064242,2.3295429084902454e-06
2000000,31,0.0013615215112513397,0.001388121763188392,0.0013615786978360888,0.0013882162286586704,3.8612234722235074e-06
2002000,32,0.001360310991120059,0.0015081068562716245,0.0013603535284042662,0.0015081835591875716,9.704888352528257e-05
2004000,32,0.0013868124724249356,0.0015127485819719732,0.0013867741820636954,0.001512852711571757,8.89791812212622e-05
2006000,32,0.0013836582614458167,0.0015021777110360564,0.0013837861660327508,0.001502275044988928,8.122686982628458e-05
2008000,32,0.0013784776238026097,0.0014974345310404898,0.0013786089448848127,0.0014975262422605167,7.37979356871441e-05
2010000,32,0.0013752279744658152,0.0015008387230522932,0.0013752703107905568,0.001500933108627996,6.669811543822013e-05
2012000,32,0.0013691094891401007,0.0014673178175836801,0.0013692105307538532,0.0014674211545655093,5.9932891571639394e-05
2014000,32,0.0013521495788008907,0.0014768948018364608,0.0013522818434872368,0.0014770045455341641,5.350748820368678e-05
2016000,32,0.0013532770627934952,0.001452387776505202,0.0013534134319580307,0.0014524806486516761,4.74268670407354e-05
2018000,32,0.0013526492293458431,0.0014448027329705656,0.0013526691857460714,0.0014448936955138007,4.169572354780837e-05
2020000,32,0.0013409864749992265,0.0014479506202600895,0.0013411063978932844,0.0014480461942547418,3.631848332273441e-05
2022000,32,0.0013471198516490403,0.0014358412163332104,0.0013471518404637784,0.0014359310263961686,3.129929867869386e-05
2024000,32,0.0013456890528905205,0.0014250865976512433,0.001345708915748979,0.0014251533310933547,2.6642045437795802e-05
2026000,32,0.0013449910199560692,0.0014160727871395647,0.0013451215757450652,0.0014161566908820933,2.2350319938163166e-05
2028000,32,0.0013469502316729631,0.001414751822259277,0.001347175188591155,0.0014148416130526005,1.8427436256833906e-05
2030000,32,0.0013413976533920503,0.0014118162655457854,0.001341459657188582,0.0014119045251771687,1.4876423650626136e-05
2032000,32,0.0013307030331343413,0.0014020949534140528,0.0013308262624652464,0.0014021891039230176,1.1700024216941218e-05
2034000,32,0.0013416991984413471,0.0014007080461457373,0.001341752672583003,0.0014008004922302203,8.900690776312281e-06
2036000,32,0.0013352100012707525,0.001396180222351104,0.001335392519412835,0.0013962752653004984,6.480584978331705e-06
2038000,32,0.0013365086413978133,0.0013936331734620035,0.0013365791974810427,0.0013937370522479954,4.441575632422534e-06
2040000,32,0.0013446485796303022,0.0013900945615582167,0.001344713700900307,0.0013901975829122845,2.7852372647408363e-06
2042000,32,0.0013410898771253415,0.0013891613444127141,0.0013413681209423066,0.00138925761082735,1.5128489023240599e-06
2044000,32,0.001355315121007152,0.0013878312613628805,0.0013553751391841766,0.0013879279486818657,6.253930854246414e-07
2046000,32,0.00134276132893865,0.0013873298996500672,0.0013429566983297959,0.0013874274047575154,1.2355510879064058e-07
2048000,32,0.0013639901864225977,0.001387257324475795,0.0013641657802298062,0.0013873548491987562,7.722492480155551e-09
2050000,32,0.0013532772511825897,0.0013872866179980338,0.001353317606451063,0.0013873840161741104,2.7798468261791556e-07
2052000,32,0.0013720051539712586,0.0013868721351586281,0.0013721012972104992,0.0013869698938656508,9.34132982324587e-07
2054000,32,0.0013515032323484775,0.001387836866993457,0.001351568086757029,0.0013879330844786297,1.9756607128729176e-06
2056000,32,0.0013549578483216464,0.0013873767729476094,0.001355119802384583,0.001387470737999102,3.40176360494604e-06
2058000,32,0.001360145424026996,0.0013883971001766623,0.001360289782649338,0.0013884935794422858,5.21134041969501e-06
2060000,32,0.0013596982586022931,0.0013876983402483164,0.0013596578276940264,0.0013877949454239313,7.40299379911763e-06
2062000,32,0.0013590072432125453,0.0013932443924434483,0.0013591005218039035,0.0013933425077978703,9.975031345100139e-06
2064000,33,0.0013153014947116996,0.0014931970899179578,0.001315325764708474,0.0014933127447222829,7.580832247223762e-05
2066000,33,0.0013411096109484787,0.0014875780791044236,0.0013411718173098224,0.0014876936838887436,6.861743852128243e-05
2068000,33,0.0013444384455215186,0.0014773826987110078,0.0013444316386426573,0.0014774720846042135,6.175966884843087e-05
2070000,33,0.0013344452737364919,0.001466656565386802,0.0013346258191417055,0.001466749023894976,5.524030903398175e-05
2072000,33,0.0013401184442045633,0.0014731666530296205,0.001340211564608168,0.001473273682242849,4.906439333762108e-05
2074000,33,0.0013366698991158046,0.0014563231015391647,0.0013367723306525756,0.0014564147025110667,4.323669081095743e-05
2076000,33,0.0013217892064130866,0.0014518024354614318,0.001321916162632212,0.0014518874699057354,3.776170161485376e-05
2078000,33,0.0013262989508803003,0.0014407693137042225,0.0013264559155043638,0.001440875795754891,3.26436535443963e-05
2080000,33,0.001320229057513643,0.0014315447267144918,0.0013202650780811682,0.001431641823330653,2.7886498764184586e-05
2082000,33,0.0013240543339634314,0.0014258196860924364,0.0013241209868140708,0.0014259182616303474,2.3493910756463566e-05
2084000,33,0.00132283767539775,0.0014233615478873253,0.0013228968169186719,0.0014234571537351615,1.9469281484455427e-05
2086000,33,0.0013240282178740017,0.0014142418703250587,0.0013240594368351959,0.0014143300352640951,1.581571877308019e-05
2088000,33,0.0013214452089159749,0.0014037000760249794,0.0013215131019663033,0.0014037945044096081,1.2536043909088191e-05
2090000,33,0.0013257311714696698,0.0014029426904767753,0.0013259565579819073,0.0014030275246323855,9.632789462458714e-06
2092000,33,0.0013318713466869668,0.001396894243117422,0.001332004579359745,0.001396991476027524,7.108197330745025e-06
2094000,33,0.0013224554587795865,0.001393503276053816,0.0013225556280891258,0.0013936004833028268,4.96421700787808e-06
2096000,33,0.0013362135001807475,0.0013905676333792508,0.0013362664227990634,0.0013906652824419114,3.2025040787637684e-06
2098000,33,0.0013304920837981626,0.0013885127422958612,0.0013306629858536383,0.0013886095988019445,1.8244189408382904e-06
2100000,33,0.0013273815346183256,0.0013887865349464117,0.0013274641091209263,0.0013888831575433625,8.310257535666943e-07
2102000,33,0.0013292887310090008,0.0013878357118926943,0.001329317869103365,0.0013879339203975872,2.2309161669759048e-07
2104000,33,0.0013484758344420697,0.0013876286961883306,0.001348710402931172,0.0013877270323204582,1.0859779073779663e-09
2106000,33,0.0013514534747519065,0.0013875060014985501,0.0013516122751199558,0.001387604495797627,1.6518027029222004e-07
2108000,33,0.001345527935307473,0.001387121411692351,0.0013456799459299156,0.0013872196270143264,7.152477799867718e-07
2110000,33,0.0013591317517566495,0.0013864905330911279,0.0013593161085185856,0.0013865888786041452,1.6508637440132424e-06
2112000,33,0.0013633378208905923,0.001386591701488942,0.0013634223726823923,0.0013866901204737587,2.971305678283798e-06
2114000,33,0.00136438881084905,0.0013893333998695016,0.0013644461451998203,0.0013894299263338629,4.675553935504007e-06
2116000,33,0.0013617832312302197,0.0013880394649878145,0.0013618434808825278,0.001388142210746492,6.762292492545785e-06
2118000,33,0.0013520856055547483,0.0013918751606345177,0.0013522694207860366,0.0013919718047115174,9.229909966682825e-06
2120000,33,0.001357545748760458,0.0013942947081290184,0.0013576664779854674,0.0013943887192840777,1.2076500859902529e-05
2122000,33,0.0013633352210163138,0.0013981373130343853,0.0013633236928321496,0.001398228992278173,1.529986703033476e-05
2124000,33,0.0013611510242917575,0.0014000365452095866,0.001361271254298562,0.0014001422025960869,1.8897519389660223e-05
2126000,34,0.0012704254313721322,0.0014674389441311358,0.001270427244428965,0.00146750452216897,5.699910437082989e-05
2128000,34,0.0012979905501706525,0.0014841705572791397,0.0012980964040728165,0.0014842803715287337,5.0728254822043294e-05
2130000,34,0.0013076230864680837,0.0014854610927589238,0.0013076145915369793,0.0014855421790411316,4.480433360655395e-05
2132000,34,0.0012983770547143648,0.001452163884472102,0.0012985089460639783,0.0014522745804294167,3.923191518544428e-05
2134000,34,0.0013039540223544464,0.0014679055829904973,0.001304062927520408,0.0014679915577694557,3.401530258879837e-05
2136000,34,0.0012999836572853384,0.0014417295435257256,0.0013001435994245201,0.0014418155905798374,2.9158524092894213e-05
2138000,34,0.0012995305439690128,0.001432888202611357,0.001299654689182104,0.0014329894799871244,2.4665330109563787e-05
2140000,34,0.0012922638063901104,0.0014227373828366399,0.0012923680952823529,0.0014228437853164597,2.053919029011836e-05
2142000,34,0.0012966120578348636,0.001422212944291532,0.001296700161500693,0.0014223027436006295,1.6783290846078712e-05
2144000,34,0.0013009133310988546,0.0014078578763641416,0.0013009958702233277,0.0014079440448298672,1.3400532088778005e-05
2146000,34,0.0013041104200237897,0.0014206298230960966,0.0013041653566542239,0.0014207197198190314,1.0393526189736602e-05
2148000,34,0.0013071806528314482,0.0013994703986868263,0.0013071755893190105,0.0013995618966408168,7.764595163539e-06
2150000,34,0.001311970412818482,0.0013970405606180429,0.0013120886141346488,0.001397131821863605,5.515769074771082e-06
2152000,34,0.001306604523648275,0.0013917973232083023,0.001306807745082899,0.001391883012809665,3.648784470400568e-06
2154000,34,0.001329844973719446,0.001390370071027428,0.0013300008666667917,0.0013904630193248176,2.1650830388134645e-06
2156000,34,0.001317438551574014,0.0013878124151937663,0.0013175602644986389,0.0013879048575539757,1.0658104965392546e-06
2158000,34,0.0013274631816893815,0.0013870701353251933,0.0013275353913678287,0.0013871622428624237,3.518157035276026e-07
2160000,34,0.0013307636230019853,0.0013869324515201151,0.001330833177802011,0.0013870245200993435,2.3650007656805804e-08
2162000,34,0.0013254554547311272,0.001386885626669973,0.0013255586110513292,0.0013869776332784713,8.156681898252583e-08
2164000,34,0.0013280721136252397,0.0013865170006453992,0.0013281355420486662,0.0013866088290156399,5.2552141405382e-07
2166000,34,0.0013467702064081095,0.0013861074889078735,0.0013470113993433422,0.0013862005973094703,1.3551709704489045e-06
2168000,34,0.0013483172743290197,0.00138659283535555,0.0013484683343879015,0.001386683636629544,2.5698748315030605e-06
2170000,34,0.0013508285371062812,0.001385047801900655,0.0013509705993419913,0.0013851457329419339,4.16869500102468e-06
2172000,34,0.001350217385304859,0.0013871401999145747,0.001350356212753933,0.0013872301673521655,6.1503968676174804e-06
2174000,34,0.0013667424054292496,0.001390409683752805,0.0013668416872049702,0.0013905055368681743,8.513450158049108e-06
2176000,34,0.0013577196917321998,0.0013893718213401735,0.0013578092517869263,0.0013894680416402213,1.1256030118930672e-05
2178000,34,0.0013737009111791849,0.001396233424115926,0.0013738043287761178,0.0013963294763258453,1.43760189257941e-05
2180000,34,0.001349154017661931,0.0013964063188619913,0.0013492671885938863,0.0013964972851362276,1.7871007318479406e-05
2182000,34,0.0013596616518916562,0.0013972526389732956,0.0013597874305786885,0.0013973393188592392,2.173829646156922e-05
2184000,34,0.001367175851308275,0.0014048827167972922,0.0013672220842548852,0.00140498014796722,2.597490002843311e-05
2186000,34,0.001363911166525213,0.0014267988741584123,0.0013639874081878833,0.0014268994861252814,3.0577546507274455e-05
2188000,35,0.001242372938315384,0.001438817100021988,0.0012423370371916372,0.0014388928564963185,4.0729038172246826e-05
2190000,35,0.001263410235871561,0.0014478996586985886,0.0012635104231937114,0.0014479759141380196,3.5414165705928644e-05
2192000,35,0.0012754465481557417,0.0014406890217214822,0.0012754334635100022,0.0014407811308253158,3.0458047136099788e-05
2194000,35,0.0012748376782110427,0.0014365431786887348,0.0012750400967119523,0.0014366354650792404,2.586450958514974e-05
2196000,35,0.001271187205973547,0.001432249539606273,0.0012712213025709961,0.00143233285616839,2.163710018984766e-05
2198000,35,0.001273362794338027,0.0014145342852547765,0.0012734939030229746,0.00141461950550407,1.7779083362236493e-05
2200000,35,0.0012787359891226514,0.0014126509320363401,0.0012788599959232202,0.001412739864002202,1.4293438268850323e-05
2202000,35,0.001273903421126306,0.001408990423940122,0.0012740359304453546,0.0014090904845371188,1.118285653019646e-05
2204000,35,0.0012720992201357148,0.001402437545452267,0.00127219647093883,0.001402527678470018,8.449740142282281e-06
2206000,35,0.0012911828552605584,0.001396162257641554,0.0012912579611532903,0.0013962553106269743,6.096199621790255e-06
2208000,35,0.0012866485638660379,0.0013940633296966552,0.001286704002829203,0.0013941535012975156,4.124052376333842e-06
2210000,35,0.0012961369559925514,0.001389146855417639,0.0012962081909859027,0.0013892354443821658,2.5348213010520925e-06
2212000,35,0.0013015833529061637,0.001386919067967683,0.0013016547594331548,0.0013870028915672719,1.3297336026279471e-06
2214000,35,0.0013045079654548316,0.001385681685935706,0.0013047038401206876,0.0013857671668546887,5.097198516375024e-07
2216000,35,0.0013291407588112633,0.0013850039140880107,0.0013292944222885001,0.0013850891458823589,7.541326396171e-08
2218000,35,0.0013175404843350407,0.001384928922727704,0.0013176587731342005,0.0013850143616517287,2.7149211816124286e-08
2220000,35,0.0013228361129295082,0.001384747065845877,0.0013229645655972516,0.0013848326203974143,3.6496496477617103e-07
2222000,35,0.0013225704539800063,0.0013838521845266224,0.0013225607684773997,0.0013839373617649756,1.0885996609973359e-06
2224000,35,0.0013311295399616938,0.0013832223173230887,0.0013313089835095442,0.0013833078204337143,2.1974945086530862e-06
2226000,35,0.0013255244767060503,0.00138202836798504,0.0013255819642242683,0.0013821178125262388,3.690793217434929e-06
2228000,35,0.0013376643520605284,0.0013831215563043953,0.0013378249075816661,0.0013832145745415049,5.567342659780983e-06
2230000,35,0.0013494447482516989,0.0013853820362128317,0.0013496806050440962,0.0013854719185336273,7.82569376132286e-06
2232000,35,0.0013480249599379021,0.0013865759846568109,0.001348103104878428,0.0013866648248189335,1.0464102619862969e-05
2234000,35,0.001344693271938013,0.001397317570950836,0.0013448639021074698,0.0013974021991350546,1.3480531852018973e-05
2236000,35,0.0013706720854097512,0.0013938577519357204,0.0013707869366061474,0.0013939559101125347,1.6872652166493864e-05
2238000,35,0.001349142200051574,0.0013989595126174391,0.0013492031611545276,0.0013990587693750124,2.0637844162758436e-05
2240000,35,0.001378857759089442,0.0013997591229900717,0.0013789310532227614,0.0013998539139841346,2.4773200353756743e-05
2242000,35,0.0013503048084385228,0.0014083350017666818,0.001350406306270372,0.0014084252911770727,2.9275527411071257e-05
2244000,35,0.0013590851310873403,0.001413560364022851,0.0013592166450332522,0.0014136610273476947,3.414134863081697e-05
2246000,35,0.0013719684216484892,0.0014232063946314156,0.0013720906879286015,0.0014233182174981816,3.936690661835685e-05
2248000,35,0.0013740759350766892,0.0014595686594769358,0.0013741321053546373,0.001459655347224392,4.494816618976794e-05
2250000,35,0.0013770564336737152,0.0014573778380267321,0.0013771222576239974,0.0014574635552844146,5.0880817487816814e-05
2252000,36,0.0012536946218751836,0.0014271204591728747,0.001253770902662795,0.0014271741839390947,2.2762947064370876e-05
2254000,36,0.0012638801856664941,0.00142292220659554,0.0012638767720101133,0.0014229982349899745,1.8803038166060382e-05
2256000,36,0.0012622802844271064,0.001407925981208682,0.0012624132522971814,0.001408008684475002,1.521471030249888e-05
2258000,36,0.0012650291958416346,0.0014041700965724884,0.001265153469939332,0.001404256817102678,1.2000734385986812e-05
2260000,36,0.001268807217827998,0.0013948910498805345,0.0012688648634303302,0.001394968847151197,9.16359225367519e-06
2262000,36,0.001272459192230599,0.0013948483881913126,0.0012725862174909704,0.0013949308995018215,6.705474751086404e-06
2264000,36,0.001264382413472049,0.0013866470854356884,0.0012644999331866695,0.0013867304571461843,4.628280040340272e-06
2266000,36,0.0012739984543586615,0.0013824047738313675,0.0012741592468007027,0.001382489286737336,2.9336121343903623e-06
2268000,36,0.0012803059078578371,0.0013807581133395434,0.0012803266366172826,0.0013808385006295607,1.622779658402629e-06
2270000,36,0.0012790245044452604,0.0013795757845789195,0.0012791504356816604,0.001379658898144055,6.967948392331836e-07
2272000,36,0.0012943886415159795,0.0013790068029984831,0.0012944402393615826,0.0013790904609363938,1.563727237848811e-07
2274000,36,0.0013023699499899522,0.0013787571727856994,0.0013024284048889648,0.00137884088082423,1.9306268473906486e-09
2276000,36,0.0013091076188720763,0.0013786458225548267,0.0013092566780486706,0.0013787290989859579,2.3358780884558116e-07
2278000,36,0.0013207919738197234,0.0013776439218409358,0.0013210195652701181,0.001377727687090817,8.511653837469657e-07
2280000,36,0.0013188250922830775,0.001377354402579367,0.0013188953105928087,0.0013774397697948,1.8541864571974265e-06
2282000,36,0.0013113053364504595,0.0013762855865247549,0.0013114357970650345,0.001376372349505799,3.241876494779916e-06
2284000,36,0.00132660681111156,0.001378030712939799,0.001326645801728798,0.0013781201854669222,5.013163920110808e-06
2286000,36,0.0013231957675889135,0.0013801915968582035,0.0013233786049815055,0.0013802789861479608,7.166680942313486e-06
2288000,36,0.001326856842293637,0.0013815778823755682,0.0013269251404474781,0.0013816786868311392,9.700764612227908e-06
2290000,36,0.0013382430392084644,0.0013832126203365625,0.0013383099199628168,0.0013833135863243241,1.2613458106542852e-05
2292000,36,0.0013378681310277898,0.0013905371102131904,0.0013381330175043001,0.001390625727870474,1.5902512238857913e-05
2294000,36,0.001352247630333295,0.0013877758607268333,0.0013522972705963551,0.0013878736305588644,1.9565387196508298e-05
2296000,36,0.0013435423240298406,0.0013982342404313386,0.0013437390712752473,0.001398317441953348,2.3599254501812717e-05
2298000,36,0.0013643841340963262,0.001402774483319372,0.0013645743970100998,0.0014028680473324186,2.8000999196227616e-05
2300000,36,0.001355577570880996,0.0014109026227332652,0.0013556156492516376,0.0014109989752500638,3.2767222245723425e-05
2302000,36,0.0013794692373194266,0.0014131435694359244,0.0013795523627047814,0.001413242697318041,3.789424316552348e-05
2304000,36,0.0013642740690265782,0.0014271749780327082,0.0013643417985789268,0.001427268362474656,4.337810286218036e-05
2306000,36,0.0013715699646854773,0.0014271329595707356,0.0013717350711843163,0.0014272248312246077,4.921456669079372e-05
2308000,36,0.0013769119026546832,0.0014391152442619205,0.0013770585274256483,0.0014392116943716918,5.539912772500938e-05
2310000,36,0.0013853112988290377,0.001447289850283414,0.0013852842608269636,0.0014473737390902123,6.192701023727559e-05
2312000,36,0.0013854048223583958,0.0014795111017487943,0.0013854953558887528,0.0014796212215936252,6.879317338666646e-05
2314000,37,0.0012840549010628213,0.0014171763926185668,0.001284108863913312,0.0014172493393373466,1.2847111992047078e-05
2316000,37,0.0012819345496536698,0.0014056828511506319,0.001282010734184873,0.001405764176627654,9.906109807887031e-06
2318000,37,0.0012843676857301034,0.001397283016331494,0.0012843719013849683,0.0013973628717276216,7.3435588802513445e-06
2320000,37,0.001273680401907768,0.0013900819753855467,0.0012738524561901846,0.0013901665693174094,5.161438014911313e-06
2322000,37,0.0012880307384766638,0.0013865205761045218,0.0012881327391624767,0.0013866022990309318,3.3614322489588512e-06
2324000,37,0.001290358584956266,0.0013838532653078436,0.0012904731535590612,0.0013839389113343037,1.9449315496174457e-06
2326000,37,0.0012823684968752786,0.0013822420420870184,0.001282483106141599,0.0013823200565461395,9.130297409079558e-07
2328000,37,0.0012907944118196611,0.0013803331866674125,0.001290954138017839,0.0013804141247871966,2.6652365899559884e-07
2330000,37,0.0012916381156246643,0.0013800887159630655,0.0012916878806760346,0.0013801697017912712,5.912536872321184e-09
2332000,37,0.0013030368023028132,0.0013800320290215313,0.0013031044284353731,0.001380113290624309,1.3139761884767287e-07
2334000,37,0.0013076965317013673,0.0013798027695529163,0.001307768435299897,0.0013798843208439467,6.428820051483375e-07
2336000,37,0.0013127452341723256,0.0013797467853687703,0.0013127910582784751,0.0013798259832468677,1.5399707267436115e-06
2338000,37,0.0013134143219213,0.0013797533445246517,0.0013135096620361182,0.0013798329843373394,2.821971050341654e-06
2340000,37,0.001323789809423033,0.0013796331146731973,0.0013240078446154033,0.0013797110290672645,4.487893013318867e-06
2342000,37,0.0013267203975410667,0.0013799669180437923,0.0013268635743696887,0.0013800536237415818,6.536450188170728e-06
2344000,37,0.0013217465055931825,0.001383235940542072,0.001321850082901066,0.0013833275873443558,8.966060675892952e-06
2346000,37,0.001336013043881394,0.001382423190008849,0.0013360593171873718,0.0013825171703687662,1.17748483275264e-05
2348000,37,0.0013350596604286692,0.0013887721365690232,0.0013352251946017022,0.0013888643873315996,1.4960644192922368e-05
2350000,37,0.0013294673833297566,0.0013902621008642017,0.001329536250463231,0.0013903499959638309,1.8520988195608878e-05
2352000,37,0.0013339407548191957,0.0013988549801893532,0.001333976877771695,0.0013989491292335796,2.245313103246571e-05
2354000,37,0.0013547382497345098,0.0013982462040893733,0.001354966559767902,0.0013983430476634557,2.6754036296740612e-05
2356000,37,0.0013595889766002073,0.0014156748509034514,0.0013597101752241994,0.001415755330828645,3.142038282276727e-05
2358000,37,0.0013560603785153945,0.0014229613287933172,0.0013562222128267612,0.001423056764876875,3.644856725057405e-05
2360000,37,0.0013715063577983528,0.001424409727975726,0.0013717129089533145,0.0014245000911927844,4.183470680840473e-05
2362000,37,0.0013767299141909462,0.001446820142902434,0.001376808324424281,0.0014469013712026327,4.757464231100056e-05
2364000,37,0.0013859167067857925,0.001465708273295313,0.0013859820492718277,0.001465796029627647,5.366394137132985e-05
2366000,37,0.0013912602525379043,0.0014496452349424362,0.0013913180504829424,0.0014497430466734816,6.00979018232834e-05
2368000,37,0.0013873142863740212,0.0014797016011551022,0.0013874944113351564,0.0014798078465566075,6.687155535269462e-05
2370000,37,0.0013934438987926114,0.0014865414449013769,0.0013935680231409867,0.0014866183502573165,7.397967133388001e-05
2372000,37,0.001408085639384808,0.0014926334761083127,0.0014080885970677445,0.001492752713212061,8.141676086873578e-05
2374000,37,0.0014113938189984764,0.0014913009382598102,0.0014115063633361466,0.0014914370747669639,8.917708102527322e-05
2376000,38,0.001341621756902896,0.001442500716485083,0.0013416306681543432,0.0014425867297828167,5.723495162973324e-06
2378000,38,0.001333728380559478,0.0014241711585782468,0.0013338652735262028,0.0014242609948867083,3.8182566595428295e-06
2380000,38,0.0013337962873920333,0.0014146739050745964,0.0013337848310091883,0.0014147568609405691,2.2961704622103673e-06
2382000,38,0.0013254318332183174,0.0014111967448890209,0.0013255690455955872,0.0014112803853547605,1.158411928280645e-06
2384000,38,0.0013343443751509768,0.0014086800558678807,0.0013344568979192387,0.001408765510046934,4.0585963664530047e-07
2386000,38,0.0013327482100576162,0.0014083109582029283,0.0013328931750669162,0.0014083957281321839,3.909470934254644e-08
2388000,38,0.0013356363768980374,0.0014082688754051924,0.0013357812516220171,0.0014083536541109416,5.8400362813793015e-08
2390000,38,0.0013292466487037017,0.001408186751641333,0.001329345525044471,0.0014082707248710686,4.637616892037566e-07
2392000,38,0.0013340580320800655,0.0014069961519166828,0.001334171818651975,0.001407080170462176,1.254865667872085e-06
2394000,38,0.0013404352770012339,0.0014051099649071694,0.0013405189473578876,0.0014051936117042533,2.431101407108616e-06
2396000,38,0.001341195894900011,0.0014051088458485901,0.0013412572244363978,0.0014051947545969813,3.991560615864587e-06
2398000,38,0.0013422569855174515,0.0014007858895137906,0.0013422453929411327,0.0014008736318481256,5.935038305136586e-06
2400000,38,0.0013453578647749963,0.001398658035490662,0.0013454730640012956,0.0013987444689874961,8.260033718460958e-06
2402000,38,0.001338599063514266,0.0013988773949444294,0.0013387996188876183,0.0013989527388708137,1.0964751490800063e-05
2404000,38,0.0013537363430077675,0.001396265762913972,0.0013538862469435356,0.0013963530610830886,1.4047103034926178e-05
2406000,38,0.0013424784109229222,0.0013961094045825302,0.00134259558240297,0.0013962004920785693,1.7504708154231497e-05
2408000,38,0.00135027170937974,0.0014052431661635636,0.001350354930354259,0.0014053371896443978,2.1334896880719658e-05
2410000,38,0.0013540342618362047,0.0013977276927791536,0.001354106802993193,0.001397818309949941,2.5534711536759403e-05
2412000,38,0.0013465552224661223,0.0014073165003396571,0.0013466628230341111,0.001407414781035345,3.0100909019007693e-05
2414000,38,0.0013489170802058652,0.001409385883435607,0.0013489931996121776,0.0014094939376625658,3.502996330273878e-05
2416000,38,0.001370129035669379,0.0014270672274008392,0.0013703533109458994,0.001427157426156806,4.031806816464645e-05
2418000,38,0.0013768134904967155,0.0014448114722408355,0.0013769456217594183,0.0014448856339013677,4.59611401220148e-05
2420000,38,0.0013833678915980271,0.0014316842827014624,0.0013835149270719027,0.0014317899653467922,5.195482158599096e-05
2422000,38,0.0013841350277070887,0.0014434753781929612,0.001384293162448072,0.0014435530170176347,5.829448422652067e-05
2424000,38,0.0014052625106705818,0.0014731582560390233,0.0014053561754776846,0.0014732445805964653,6.497523254635291e-05
2426000,38,0.0014040459542302415,0.0014816530403494834,0.001404133300528247,0.0014817409206529736,7.199190766134994e-05
2428000,38,0.0014286226831900421,0.0014948376181349158,0.0014287504587616757,0.0014949411864366917,7.933909128418531e-05
2430000,38,0.0014133375479723326,0.0014922890098206698,0.001413418016471982,0.0014923920541540855,8.701110990835425e-05
2432000,38,0.001427743558160728,0.0015005618985742331,0.0014278735489089746,0.001500642812067994,9.50020391892642e-05
2434000,38,0.0014392266694630961,0.0015409975665807724,0.0014392850368101855,0.001541085564398171,0.0001033057085190216
2436000,38,0.0014470166001992765,0.0015659614285454153,0.0014470939325049394,0.0015660843656868611,0.00011191570579138633
2438000,39,0.0014308874073904008,0.001505499237086624,0.0014308978288979973,0.001505601541324714,1.4329270707333919e-06
2440000,39,0.0014135094806842971,0.001480108307208866,0.0014135949367531518,0.0014802053572917984,5.743725193435578e-07
2442000,39,0.0014125816285959444,0.0014757412252947688,0.0014125719204641997,0.0014758375631700336,1.0147520637882046e-07
2444000,39,0.0014185134773142636,0.001475430534798652,0.0014187442201741443,0.0014755268077634594,1.4600303872291942e-08
2446000,39,0.001406410381780006,0.0014735074961185455,0.0014064559380188484,0.001473603718037576,3.1381489675746943e-07
2448000,39,0.001406720786180813,0.0014669862540625037,0.0014068301297110858,0.0014670815228659101,9.988879310650068e-07
2450000,39,0.0014062136670108885,0.0014562784710153937,0.0014063814790498655,0.0014563714465113007,2.069290392343104e-06
2452000,39,0.0013839535583974793,0.0014466833215765655,0.0013840887542268749,0.0014467769929732187,3.5241957141632364e-06
2454000,39,0.001370777637755964,0.0014353490808047353,0.0013708832916778779,0.0014354366323619395,5.362480416396143e-06
2456000,39,0.0013796511909167748,0.0014286923506483435,0.001379739447953892,0.0014287816816140049,7.582724972764577e-06
2458000,39,0.001363984930794686,0.001423163825534284,0.0013640416196841376,0.0014232580380553737,1.0183214907003857e-05
2460000,39,0.001363033034838736,0.0014218187808804213,0.0013630984280199627,0.001421911174632986,1.3161942116783233e-05
2462000,39,0.001361106992320856,0.0014217903552018107,0.0013611532022219947,0.0014218559924546064,1.6516606424365587e-05
2464000,39,0.0013614166315237526,0.0014114253816567362,0.001361612373020404,0.0014115136216034218,2.024461735280797e-05
2466000,39,0.0013765639461053069,0.0014086150252819061,0.0013767041630618367,0.001408701809971736,2.4343096126331898e-05
2468000,39,0.001358858207706362,0.0014234550163336097,0.0013589731297578354,0.0014235488677301906,2.880887789331865e-05
2470000,39,0.00136775727145141,0.0014214608989097178,0.0013679062826530914,0.0014215665092395604,3.363851417021274e-05
2472000,39,0.0013656645531009417,0.0014208575340360404,0.0013656464327569588,0.001420960989866417,3.8828275504445566e-05
2474000,39,0.0013751715744729153,0.001442195685710758,0.0013753793714203445,0.001442294388583679,4.437415435432523e-05
2476000,39,0.001371621573722223,0.0014360365805402397,0.0013717135938988941,0.0014361289246097536,5.027186818366536e-05
2478000,39,0.0013861752675147726,0.0014467889509908855,0.0013863315816208606,0.0014468892802825745,5.6516862768767554e-05
2480000,39,0.0014026100262999534,0.0014722850793786348,0.001402828905883915,0.0014723715069698859,6.310431571519858e-05
2482000,39,0.0014090241437370423,0.0014708073763921856,0.0014091124286283179,0.0014709114459335944,7.002914018165185e-05
2484000,39,0.0014105403222492896,0.0015016570624895394,0.001410730975943017,0.0015017356648469936,7.72859888080129e-05
2486000,39,0.0014418188072741031,0.0015029885674454273,0.0014419303855953516,0.0015030925049282948,8.486925784460053e-05
2488000,39,0.001430276916595176,0.001506711703762412,0.0014303271816128353,0.0015068252549393327,9.277309147939006e-05
2490000,39,0.0014686335439619144,0.0015009613427333533,0.0014686959206770868,0.0015010825460012502,0.0001009913863598802
2492000,39,0.0014474039846099913,0.0015330551205575465,0.0014474634159447799,0.001533169521576494,0.00010951779630611225
2494000,39,0.0014620711733296047,0.0015422228409908711,0.0014622136650427073,0.0015423269819023638,0.00011834573721119845
2496000,39,0.0014801799003325868,0.001558994729425758,0.0014802969248535333,0.0015591303812153472,0.00012746839212558143
2498000,39,0.001492394868604606,0.0016007179396599531,0.0014924691814967165,0.0016007961606011075,0.0001368787165210913
2500000,39,0.0015053770374215674,0.0015859094388596714,0.0015054346425888941,0.001586041737945859,0.00014656944373074243
